Hand:,RIGHT
,"r2c1-5-6-5,r1c1-5-7-5,r1c2-5-4-5,r2c2-5-4-4,r1c4-5-4-3,r2c3-6-7-5,r2c4-7-7-5,r2c5-8-7-5,r1c3-8-7-6"
ID,Timestamp,isSubmitting,isCheckingCube,CubesInShape,CurrentDragging,CurrentPlacing
,23.78724,0,0,0,,
,23.78724,0,0,1,,
,23.80724,0,0,1,,
,23.80849,0,0,1,,
,23.80953,0,0,1,,
,23.81055,0,0,1,,
,23.81156,0,0,1,,
,23.81258,0,0,1,,
,23.81359,0,0,1,,
,23.81462,0,0,1,,
,23.81593,0,0,1,,
,23.81699,0,0,1,,
,23.81804,0,0,1,,
,23.8191,0,0,1,,
,23.8202,0,0,1,,
,23.82149,0,0,1,,
,23.82261,0,0,1,,
,23.82381,0,0,1,,
,23.82482,0,0,1,,
,23.82582,0,0,1,,
,23.82682,0,0,1,,
,23.82789,0,0,1,,
,23.82902,0,0,1,,
,23.83003,0,0,1,,
,23.83105,0,0,1,,
,23.83204,0,0,1,,
,23.83302,0,0,1,,
,23.83402,0,0,1,,
,23.835,0,0,1,,
,23.83599,0,0,1,,
,23.83698,0,0,1,,
,23.83797,0,0,1,,
,23.83895,0,0,1,,
,23.83993,0,0,1,,
,23.84092,0,0,1,,
,23.84207,0,0,1,,
,23.84305,0,0,1,,
,23.84403,0,0,1,,
,23.84502,0,0,1,,
,23.846,0,0,1,,
,23.84716,0,0,1,,
,23.84824,0,0,1,,
,23.84924,0,0,1,,
,23.85023,0,0,1,,
,23.85122,0,0,1,,
,23.8522,0,0,1,,
,23.85319,0,0,1,,
,23.85418,0,0,1,,
,23.85516,0,0,1,,
,23.85615,0,0,1,,
,23.85713,0,0,1,,
,23.85814,0,0,1,,
,23.85913,0,0,1,,
,23.86011,0,0,1,,
,23.86126,0,0,1,,
,23.8623,0,0,1,,
,23.86335,0,0,1,,
,23.8644,0,0,1,,
,23.86543,0,0,1,,
,23.86678,0,0,1,,
,23.86832,0,0,1,,
,23.86975,0,0,1,,
,23.87069,0,0,1,,
,23.87161,0,0,1,,
,23.87267,0,0,1,,
,23.87355,0,0,1,,
,23.87443,0,0,1,,
,23.87532,0,0,1,,
,23.87619,0,0,1,,
,23.87707,0,0,1,,
,23.87795,0,0,1,,
,23.87884,0,0,1,,
,23.87973,0,0,1,,
,23.8806,0,0,1,,
,23.88174,0,0,1,,
,23.88262,0,0,1,,
,23.8835,0,0,1,,
,23.88437,0,0,1,,
,23.88525,0,0,1,,
,23.88613,0,0,1,,
,23.887,0,0,1,,
,23.88788,0,0,1,,
,23.88883,0,0,1,,
,23.8899,0,0,1,,
,23.89084,0,0,1,,
,23.89176,0,0,1,,
,23.89265,0,0,1,,
,23.89355,0,0,1,,
,23.89444,0,0,1,,
,23.89538,0,0,1,,
,23.8963,0,0,1,,
,23.89724,0,0,1,,
,23.89823,0,0,1,,
,23.89911,0,0,1,,
,23.89998,0,0,1,,
,23.90086,0,0,1,,
,23.90196,0,0,1,,
,23.90284,0,0,1,,
,23.90371,0,0,1,,
,23.90458,0,0,1,,
,23.90545,0,0,1,,
,23.90634,0,0,1,,
,23.90722,0,0,1,,
,23.9081,0,0,1,,
,23.90898,0,0,1,,
,23.90986,0,0,1,,
,23.91083,0,0,1,,
,23.91172,0,0,1,,
,23.91261,0,0,1,,
,23.9135,0,0,1,,
,23.9144,0,0,1,,
,23.91528,0,0,1,,
,23.91616,0,0,1,,
,23.91731,0,0,1,,
,23.91818,0,0,1,,
,23.91907,0,0,1,,
,23.91996,0,0,1,,
,23.92086,0,0,1,,
,23.92203,0,0,1,,
,23.92293,0,0,1,,
,23.92392,0,0,1,,
,23.9248,0,0,1,,
,23.92567,0,0,1,,
,23.92654,0,0,1,,
,23.9276,0,0,1,,
,23.9285,0,0,1,,
,23.92945,0,0,1,,
,23.93052,0,0,1,,
,23.93142,0,0,1,,
,23.9323,0,0,1,,
,23.93318,0,0,1,,
,23.93405,0,0,1,,
,23.93491,0,0,1,,
,23.93579,0,0,1,,
,23.93665,0,0,1,,
,23.93753,0,0,1,,
,23.93841,0,0,1,,
,23.93927,0,0,1,,
,23.94015,0,0,1,,
,23.94129,0,0,1,,
,23.94218,0,0,1,,
,23.94306,0,0,1,,
,23.94394,0,0,1,,
,23.94481,0,0,1,,
,23.94568,0,0,1,,
,23.94656,0,0,1,,
,23.94743,0,0,1,,
,23.94829,0,0,1,,
,23.94915,0,0,1,,
,23.95003,0,0,1,,
,23.9511,0,0,1,,
,23.95225,0,0,1,,
,23.95325,0,0,1,,
,23.9542,0,0,1,,
,23.95518,0,0,1,,
,23.95617,0,0,1,,
,23.95716,0,0,1,,
,23.95812,0,0,1,,
,23.959,0,0,1,,
,23.95991,0,0,1,,
,23.96078,0,0,1,,
,23.96192,0,0,1,,
,23.9628,0,0,1,,
,23.96368,0,0,1,,
,23.96455,0,0,1,,
,23.96542,0,0,1,,
,23.9663,0,0,1,,
,23.96717,0,0,1,,
,23.96804,0,0,1,,
,23.96891,0,0,1,,
,23.9698,0,0,1,,
,23.97067,0,0,1,,
,23.97153,0,0,1,,
,23.97241,0,0,1,,
,23.97329,0,0,1,,
,23.97416,0,0,1,,
,23.97503,0,0,1,,
,23.9759,0,0,1,,
,23.97704,0,0,1,,
,23.97793,0,0,1,,
,23.9788,0,0,1,,
,23.97967,0,0,1,,
,23.98054,0,0,1,,
,23.98168,0,0,1,,
,23.98255,0,0,1,,
,23.98343,0,0,1,,
,23.98436,0,0,1,,
,23.98523,0,0,1,,
,23.9861,0,0,1,,
,23.98697,0,0,1,,
,23.98784,0,0,1,,
,23.98871,0,0,1,,
,23.98957,0,0,1,,
,23.99045,0,0,1,,
,23.99133,0,0,1,,
,23.9922,0,0,1,,
,23.99307,0,0,1,,
,23.99397,0,0,1,,
,23.99484,0,0,1,,
,23.99571,0,0,1,,
,23.99659,0,0,1,,
,23.99745,0,0,1,,
,23.99832,0,0,1,,
,23.99919,0,0,1,,
,24.00006,0,0,1,,
,24.00118,0,0,1,,
,24.00205,0,0,1,,
,24.00292,0,0,1,,
,24.00379,0,0,1,,
,24.00467,0,0,1,,
,24.0094,0,0,1,,
,24.01033,0,0,1,,
,24.01123,0,0,1,,
,24.01211,0,0,1,,
,24.01299,0,0,1,,
,24.01387,0,0,1,,
,24.01475,0,0,1,,
,24.01562,0,0,1,,
,24.0165,0,0,1,,
,24.01741,0,0,1,,
,24.01835,0,0,1,,
,24.0193,0,0,1,,
,24.02019,0,0,1,,
,24.02136,0,0,1,,
,24.02228,0,0,1,,
,24.02321,0,0,1,,
,24.0241,0,0,1,,
,24.02498,0,0,1,,
,24.02586,0,0,1,,
,24.02672,0,0,1,,
,24.02759,0,0,1,,
,24.02847,0,0,1,,
,24.02934,0,0,1,,
,24.0302,0,0,1,,
,24.03107,0,0,1,,
,24.03195,0,0,1,,
,24.03281,0,0,1,,
,24.03368,0,0,1,,
,24.03454,0,0,1,,
,24.03542,0,0,1,,
,24.03629,0,0,1,,
,24.03716,0,0,1,,
,24.03802,0,0,1,,
,24.03891,0,0,1,,
,24.03978,0,0,1,,
,24.04064,0,0,1,,
,24.04181,0,0,1,,
,24.04285,0,0,1,,
,24.04373,0,0,1,,
,24.0446,0,0,1,,
,24.04548,0,0,1,,
,24.0464,0,0,1,,
,24.04728,0,0,1,,
,24.04814,0,0,1,,
,24.04909,0,0,1,,
,24.0501,0,0,1,,
,24.05106,0,0,1,,
,24.05206,0,0,1,,
,24.05294,0,0,1,,
,24.05381,0,0,1,,
,24.05468,0,0,1,,
,24.05557,0,0,1,,
,24.05645,0,0,1,,
,24.05731,0,0,1,,
,24.05818,0,0,1,,
,24.05906,0,0,1,,
,24.05994,0,0,1,,
,24.06083,0,0,1,,
,24.06196,0,0,1,,
,24.06285,0,0,1,,
,24.06374,0,0,1,,
,24.06461,0,0,1,,
,24.06549,0,0,1,,
,24.06638,0,0,1,,
,24.06726,0,0,1,,
,24.06813,0,0,1,,
,24.069,0,0,1,,
,24.06994,0,0,1,,
,24.07096,0,0,1,,
,24.07185,0,0,1,,
,24.07272,0,0,1,,
,24.0736,0,0,1,,
,24.07446,0,0,1,,
,24.07533,0,0,1,,
,24.07621,0,0,1,,
,24.07708,0,0,1,,
,24.07795,0,0,1,,
,24.07881,0,0,1,,
,24.07974,0,0,1,,
,24.08078,0,0,1,,
,24.08194,0,0,1,,
,24.08282,0,0,1,,
,24.08369,0,0,1,,
,24.08457,0,0,1,,
,24.08543,0,0,1,,
,24.08631,0,0,1,,
,24.08721,0,0,1,,
,24.08809,0,0,1,,
,24.08904,0,0,1,,
,24.09011,0,0,1,,
,24.09121,0,0,1,,
,24.09223,0,0,1,,
,24.09318,0,0,1,,
,24.09425,0,0,1,,
,24.09533,0,0,1,,
,24.09627,0,0,1,,
,24.09714,0,0,1,,
,24.09803,0,0,1,,
,24.09906,0,0,1,,
,24.1,0,0,1,,
,24.10119,0,0,1,,
,24.10238,0,0,1,,
,24.1034,0,0,1,,
,24.10477,0,0,1,,
,24.10604,0,0,1,,
,24.10693,0,0,1,,
,24.10781,0,0,1,,
,24.10875,0,0,1,,
,24.10987,0,0,1,,
,24.11078,0,0,1,,
,24.11167,0,0,1,,
,24.11255,0,0,1,,
,24.11343,0,0,1,,
,24.11431,0,0,1,,
,24.11518,0,0,1,,
,24.11606,0,0,1,,
,24.11716,0,0,1,,
,24.11805,0,0,1,,
,24.1191,0,0,1,,
,24.1204,0,0,1,,
,24.12165,0,0,1,,
,24.1228,0,0,1,,
,24.12371,0,0,1,,
,24.12462,0,0,1,,
,24.12551,0,0,1,,
,24.12649,0,0,1,,
,24.12741,0,0,1,,
,24.12844,0,0,1,,
,24.12936,0,0,1,,
,24.13048,0,0,1,,
,24.13137,0,0,1,,
,24.13225,0,0,1,,
,24.13313,0,0,1,,
,24.13402,0,0,1,,
,24.13515,0,0,1,,
,24.13609,0,0,1,,
,24.13703,0,0,1,,
,24.13823,0,0,1,,
,24.13918,0,0,1,,
,24.14007,0,0,1,,
,24.14123,0,0,1,,
,24.1421,0,0,1,,
,24.14297,0,0,1,,
,24.14408,0,0,1,,
,24.14498,0,0,1,,
,24.1461,0,0,1,,
,24.14698,0,0,1,,
,24.14788,0,0,1,,
,24.14876,0,0,1,,
,24.14963,0,0,1,,
,24.15051,0,0,1,,
,24.15162,0,0,1,,
,24.15251,0,0,1,,
,24.15339,0,0,1,,
,24.15449,0,0,1,,
,24.15538,0,0,1,,
,24.15626,0,0,1,,
,24.15714,0,0,1,,
,24.15801,0,0,1,,
,24.15889,0,0,1,,
,24.15976,0,0,1,,
,24.16065,0,0,1,,
,24.16199,0,0,1,,
,24.1629,0,0,1,,
,24.16384,0,0,1,,
,24.16472,0,0,1,,
,24.16562,0,0,1,,
,24.1665,0,0,1,,
,24.16742,0,0,1,,
,24.16837,0,0,1,,
,24.16931,0,0,1,,
,24.17021,0,0,1,,
,24.17117,0,0,1,,
,24.17204,0,0,1,,
,24.17292,0,0,1,,
,24.17382,0,0,1,,
,24.1748,0,0,1,,
,24.17607,0,0,1,,
,24.17695,0,0,1,,
,24.17783,0,0,1,,
,24.1787,0,0,1,,
,24.17957,0,0,1,,
,24.18044,0,0,1,,
,24.18155,0,0,1,,
,24.18242,0,0,1,,
,24.18332,0,0,1,,
,24.1842,0,0,1,,
,24.18507,0,0,1,,
,24.18619,0,0,1,,
,24.18711,0,0,1,,
,24.188,0,0,1,,
,24.18888,0,0,1,,
,24.18977,0,0,1,,
,24.19064,0,0,1,,
,24.19159,0,0,1,,
,24.19266,0,0,1,,
,24.19353,0,0,1,,
,24.19441,0,0,1,,
,24.19532,0,0,1,,
,24.19627,0,0,1,,
,24.19726,0,0,1,,
,24.19819,0,0,1,,
,24.1991,0,0,1,,
,24.19999,0,0,1,,
,24.20088,0,0,1,,
,24.20202,0,0,1,,
,24.20292,0,0,1,,
,24.2038,0,0,1,,
,24.20468,0,0,1,,
,24.20555,0,0,1,,
,24.20642,0,0,1,,
,24.20731,0,0,1,,
,24.2082,0,0,1,,
,24.20911,0,0,1,,
,24.21031,0,0,1,,
,24.21126,0,0,1,,
,24.21216,0,0,1,,
,24.21306,0,0,1,,
,24.21394,0,0,1,,
,24.2185,0,0,1,,
,24.21964,0,0,1,,
,24.22054,0,0,1,,
,24.22168,0,0,1,,
,24.22259,0,0,1,,
,24.22349,0,0,1,,
,24.22436,0,0,1,,
,24.22531,0,0,1,,
,24.22626,0,0,1,,
,24.22716,0,0,1,,
,24.22805,0,0,1,,
,24.22893,0,0,1,,
,24.2298,0,0,1,,
,24.23072,0,0,1,,
,24.23165,0,0,1,,
,24.23256,0,0,1,,
,24.23347,0,0,1,,
,24.23461,0,0,1,,
,24.23551,0,0,1,,
,24.23645,0,0,1,,
,24.23737,0,0,1,,
,24.23827,0,0,1,,
,24.23919,0,0,1,,
,24.24008,0,0,1,,
,24.2412,0,0,1,,
,24.24211,0,0,1,,
,24.24299,0,0,1,,
,24.24389,0,0,1,,
,24.24477,0,0,1,,
,24.24565,0,0,1,,
,24.24654,0,0,1,,
,24.24745,0,0,1,,
,24.24834,0,0,1,,
,24.24921,0,0,1,,
,24.25009,0,0,1,,
,24.25097,0,0,1,,
,24.25185,0,0,1,,
,24.25273,0,0,1,,
,24.2536,0,0,1,,
,24.25448,0,0,1,,
,24.25536,0,0,1,,
,24.25623,0,0,1,,
,24.2571,0,0,1,,
,24.25797,0,0,1,,
,24.25885,0,0,1,,
,24.25972,0,0,1,,
,24.26059,0,0,1,,
,24.26169,0,0,1,,
,24.26262,0,0,1,,
,24.26351,0,0,1,,
,24.2644,0,0,1,,
,24.26529,0,0,1,,
,24.26617,0,0,1,,
,24.26705,0,0,1,,
,24.26793,0,0,1,,
,24.2688,0,0,1,,
,24.26969,0,0,1,,
,24.27057,0,0,1,,
,24.27145,0,0,1,,
,24.27233,0,0,1,,
,24.2732,0,0,1,,
,24.27409,0,0,1,,
,24.27497,0,0,1,,
,24.27586,0,0,1,,
,24.27675,0,0,1,,
,24.27764,0,0,1,,
,24.27854,0,0,1,,
,24.27958,0,0,1,,
,24.28056,0,0,1,,
,24.28181,0,0,1,,
,24.28279,0,0,1,,
,24.28374,0,0,1,,
,24.28485,0,0,1,,
,24.28592,0,0,1,,
,24.28689,0,0,1,,
,24.28786,0,0,1,,
,24.28886,0,0,1,,
,24.28987,0,0,1,,
,24.29078,0,0,1,,
,24.29172,0,0,1,,
,24.29264,0,0,1,,
,24.29357,0,0,1,,
,24.29458,0,0,1,,
,24.2955,0,0,1,,
,24.29645,0,0,1,,
,24.29735,0,0,1,,
,24.29823,0,0,1,,
,24.29911,0,0,1,,
,24.3,0,0,1,,
,24.30087,0,0,1,,
,24.302,0,0,1,,
,24.30288,0,0,1,,
,24.30377,0,0,1,,
,24.30464,0,0,1,,
,24.30551,0,0,1,,
,24.3064,0,0,1,,
,24.30728,0,0,1,,
,24.30816,0,0,1,,
,24.30903,0,0,1,,
,24.3099,0,0,1,,
,24.31078,0,0,1,,
,24.31167,0,0,1,,
,24.31253,0,0,1,,
,24.31345,0,0,1,,
,24.31436,0,0,1,,
,24.31526,0,0,1,,
,24.31617,0,0,1,,
,24.31706,0,0,1,,
,24.31799,0,0,1,,
,24.31886,0,0,1,,
,24.31975,0,0,1,,
,24.32062,0,0,1,,
,24.32172,0,0,1,,
,24.32261,0,0,1,,
,24.32348,0,0,1,,
,24.32434,0,0,1,,
,24.32524,0,0,1,,
,24.32613,0,0,1,,
,24.327,0,0,1,,
,24.32788,0,0,1,,
,24.3288,0,0,1,,
,24.32985,0,0,1,,
,24.33073,0,0,1,,
,24.3316,0,0,1,,
,24.33246,0,0,1,,
,24.33334,0,0,1,,
,24.33422,0,0,1,,
,24.33508,0,0,1,,
,24.33595,0,0,1,,
,24.33681,0,0,1,,
,24.33768,0,0,1,,
,24.33855,0,0,1,,
,24.33943,0,0,1,,
,24.34029,0,0,1,,
,24.3414,0,0,1,,
,24.34229,0,0,1,,
,24.34316,0,0,1,,
,24.34403,0,0,1,,
,24.34491,0,0,1,,
,24.34577,0,0,1,,
,24.34665,0,0,1,,
,24.34759,0,0,1,,
,24.34872,0,0,1,,
,24.34975,0,0,1,,
,24.35078,0,0,1,,
,24.35165,0,0,1,,
,24.35253,0,0,1,,
,24.35341,0,0,1,,
,24.35428,0,0,1,,
,24.35515,0,0,1,,
,24.35607,0,0,1,,
,24.35701,0,0,1,,
,24.35802,0,0,1,,
,24.35896,0,0,1,,
,24.35996,0,0,1,,
,24.36083,0,0,1,,
,24.36193,0,0,1,,
,24.3628,0,0,1,,
,24.36369,0,0,1,,
,24.36458,0,0,1,,
,24.36546,0,0,1,,
,24.36634,0,0,1,,
,24.36721,0,0,1,,
,24.36808,0,0,1,,
,24.36896,0,0,1,,
,24.36983,0,0,1,,
,24.37072,0,0,1,,
,24.37159,0,0,1,,
,24.37245,0,0,1,,
,24.37333,0,0,1,,
,24.37428,0,0,1,,
,24.37524,0,0,1,,
,24.37613,0,0,1,,
,24.377,0,0,1,,
,24.37788,0,0,1,,
,24.37876,0,0,1,,
,24.37969,0,0,1,,
,24.38074,0,0,1,,
,24.38183,0,0,1,,
,24.38271,0,0,1,,
,24.38359,0,0,1,,
,24.38446,0,0,1,,
,24.38533,0,0,1,,
,24.3862,0,0,1,,
,24.38706,0,0,1,,
,24.38794,0,0,1,,
,24.3888,0,0,1,,
,24.38973,0,0,1,,
,24.39067,0,0,1,,
,24.39158,0,0,1,,
,24.39252,0,0,1,,
,24.39358,0,0,1,,
,24.39446,0,0,1,,
,24.39532,0,0,1,,
,24.39618,0,0,1,,
,24.39705,0,0,1,,
,24.39792,0,0,1,,
,24.39878,0,0,1,,
,24.39965,0,0,1,,
,24.40052,0,0,1,,
,24.40161,0,0,1,,
,24.40248,0,0,1,,
,24.40335,0,0,1,,
,24.40421,0,0,1,,
,24.40508,0,0,1,,
,24.40613,0,0,1,,
,24.40705,0,0,1,,
,24.40798,0,0,1,,
,24.40893,0,0,1,,
,24.40988,0,0,1,,
,24.41081,0,0,1,,
,24.41176,0,0,1,,
,24.41269,0,0,1,,
,24.41365,0,0,1,,
,24.41471,0,0,1,,
,24.41567,0,0,1,,
,24.41655,0,0,1,,
,24.41743,0,0,1,,
,24.41829,0,0,1,,
,24.41918,0,0,1,,
,24.42004,0,0,1,,
,24.42463,0,0,1,,
,24.4256,0,0,1,,
,24.42651,0,0,1,,
,24.42741,0,0,1,,
,24.42829,0,0,1,,
,24.42917,0,0,1,,
,24.43004,0,0,1,,
,24.43092,0,0,1,,
,24.4318,0,0,1,,
,24.43267,0,0,1,,
,24.43354,0,0,1,,
,24.43442,0,0,1,,
,24.4353,0,0,1,,
,24.43617,0,0,1,,
,24.43703,0,0,1,,
,24.4379,0,0,1,,
,24.43877,0,0,1,,
,24.43964,0,0,1,,
,24.44051,0,0,1,,
,24.4416,0,0,1,,
,24.44246,0,0,1,,
,24.44334,0,0,1,,
,24.44421,0,0,1,,
,24.44507,0,0,1,,
,24.44595,0,0,1,,
,24.44682,0,0,1,,
,24.44769,0,0,1,,
,24.44855,0,0,1,,
,24.44942,0,0,1,,
,24.4503,0,0,1,,
,24.45115,0,0,1,,
,24.4521,0,0,1,,
,24.45297,0,0,1,,
,24.45386,0,0,1,,
,24.45474,0,0,1,,
,24.45576,0,0,1,,
,24.45666,0,0,1,,
,24.45754,0,0,1,,
,24.45842,0,0,1,,
,24.4593,0,0,1,,
,24.46017,0,0,1,,
,24.46126,0,0,1,,
,24.46218,0,0,1,,
,24.46313,0,0,1,,
,24.46401,0,0,1,,
,24.46489,0,0,1,,
,24.46577,0,0,1,,
,24.46672,0,0,1,,
,24.4677,0,0,1,,
,24.46873,0,0,1,,
,24.46975,0,0,1,,
,24.47072,0,0,1,,
,24.4717,0,0,1,,
,24.47315,0,0,1,,
,24.47412,0,0,1,,
,24.47499,0,0,1,,
,24.47587,0,0,1,,
,24.47676,0,0,1,,
,24.47763,0,0,1,,
,24.4785,0,0,1,,
,24.47943,0,0,1,,
,24.4803,0,0,1,,
,24.48139,0,0,1,,
,24.48227,0,0,1,,
,24.48314,0,0,1,,
,24.48401,0,0,1,,
,24.48489,0,0,1,,
,24.48579,0,0,1,,
,24.48667,0,0,1,,
,24.48756,0,0,1,,
,24.48844,0,0,1,,
,24.48931,0,0,1,,
,24.49018,0,0,1,,
,24.49105,0,0,1,,
,24.49192,0,0,1,,
,24.49279,0,0,1,,
,24.49367,0,0,1,,
,24.49454,0,0,1,,
,24.49541,0,0,1,,
,24.49628,0,0,1,,
,24.49715,0,0,1,,
,24.49803,0,0,1,,
,24.49891,0,0,1,,
,24.49978,0,0,1,,
,24.50075,0,0,1,,
,24.50193,0,0,1,,
,24.5028,0,0,1,,
,24.50368,0,0,1,,
,24.50455,0,0,1,,
,24.50542,0,0,1,,
,24.5063,0,0,1,,
,24.50739,0,0,1,,
,24.50835,0,0,1,,
,24.50927,0,0,1,,
,24.51013,0,0,1,,
,24.511,0,0,1,,
,24.51186,0,0,1,,
,24.51274,0,0,1,,
,24.51361,0,0,1,,
,24.51448,0,0,1,,
,24.51536,0,0,1,,
,24.51622,0,0,1,,
,24.5171,0,0,1,,
,24.51824,0,0,1,,
,24.51913,0,0,1,,
,24.52001,0,0,1,,
,24.5211,0,0,1,,
,24.52197,0,0,1,,
,24.52284,0,0,1,,
,24.52372,0,0,1,,
,24.52459,0,0,1,,
,24.52546,0,0,1,,
,24.52632,0,0,1,,
,24.5272,0,0,1,,
,24.52807,0,0,1,,
,24.52894,0,0,1,,
,24.52982,0,0,1,,
,24.53069,0,0,1,,
,24.53159,0,0,1,,
,24.53246,0,0,1,,
,24.53334,0,0,1,,
,24.53422,0,0,1,,
,24.5351,0,0,1,,
,24.53597,0,0,1,,
,24.53684,0,0,1,,
,24.53771,0,0,1,,
,24.53863,0,0,1,,
,24.5395,0,0,1,,
,24.54038,0,0,1,,
,24.54146,0,0,1,,
,24.54234,0,0,1,,
,24.5432,0,0,1,,
,24.54407,0,0,1,,
,24.54494,0,0,1,,
,24.54581,0,0,1,,
,24.54668,0,0,1,,
,24.5477,0,0,1,,
,24.54875,0,0,1,,
,24.54969,0,0,1,,
,24.55075,0,0,1,,
,24.55164,0,0,1,,
,24.55251,0,0,1,,
,24.55338,0,0,1,,
,24.55426,0,0,1,,
,24.55518,0,0,1,,
,24.55606,0,0,1,,
,24.55695,0,0,1,,
,24.55782,0,0,1,,
,24.55869,0,0,1,,
,24.55956,0,0,1,,
,24.56043,0,0,1,,
,24.56178,0,0,1,,
,24.56267,0,0,1,,
,24.56357,0,0,1,,
,24.56445,0,0,1,,
,24.56533,0,0,1,,
,24.56621,0,0,1,,
,24.56709,0,0,1,,
,24.56797,0,0,1,,
,24.56885,0,0,1,,
,24.56973,0,0,1,,
,24.57065,0,0,1,,
,24.57153,0,0,1,,
,24.57241,0,0,1,,
,24.57329,0,0,1,,
,24.57443,0,0,1,,
,24.57536,0,0,1,,
,24.57625,0,0,1,,
,24.57714,0,0,1,,
,24.57803,0,0,1,,
,24.57891,0,0,1,,
,24.5798,0,0,1,,
,24.58068,0,0,1,,
,24.58178,0,0,1,,
,24.58267,0,0,1,,
,24.5836,0,0,1,,
,24.58465,0,0,1,,
,24.58555,0,0,1,,
,24.58641,0,0,1,,
,24.58728,0,0,1,,
,24.58814,0,0,1,,
,24.58901,0,0,1,,
,24.58987,0,0,1,,
,24.59074,0,0,1,,
,24.59162,0,0,1,,
,24.59249,0,0,1,,
,24.59337,0,0,1,,
,24.59424,0,0,1,,
,24.59511,0,0,1,,
,24.59616,0,0,1,,
,24.59712,0,0,1,,
,24.59811,0,0,1,,
,24.59908,0,0,1,,
,24.60024,0,0,1,,
,24.60157,0,0,1,,
,24.60247,0,0,1,,
,24.60335,0,0,1,,
,24.60424,0,0,1,,
,24.60517,0,0,1,,
,24.60613,0,0,1,,
,24.60701,0,0,1,,
,24.60789,0,0,1,,
,24.60876,0,0,1,,
,24.60964,0,0,1,,
,24.61051,0,0,1,,
,24.61141,0,0,1,,
,24.61247,0,0,1,,
,24.61338,0,0,1,,
,24.61425,0,0,1,,
,24.61513,0,0,1,,
,24.616,0,0,1,,
,24.61688,0,0,1,,
,24.61802,0,0,1,,
,24.61895,0,0,1,,
,24.61983,0,0,1,,
,24.62071,0,0,1,,
,24.6218,0,0,1,,
,24.62267,0,0,1,,
,24.62354,0,0,1,,
,24.62443,0,0,1,,
,24.6253,0,0,1,,
,24.62617,0,0,1,,
,24.62703,0,0,1,,
,24.63124,0,0,1,,
,24.63217,0,0,1,,
,24.63307,0,0,1,,
,24.63396,0,0,1,,
,24.63485,0,0,1,,
,24.63573,0,0,1,,
,24.63684,0,0,1,,
,24.63772,0,0,1,,
,24.63859,0,0,1,,
,24.63947,0,0,1,,
,24.64034,0,0,1,,
,24.64165,0,0,1,,
,24.64257,0,0,1,,
,24.64346,0,0,1,,
,24.64434,0,0,1,,
,24.64522,0,0,1,,
,24.6461,0,0,1,,
,24.64698,0,0,1,,
,24.64811,0,0,1,,
,24.649,0,0,1,,
,24.64988,0,0,1,,
,24.65076,0,0,1,,
,24.65163,0,0,1,,
,24.65252,0,0,1,,
,24.65341,0,0,1,,
,24.65428,0,0,1,,
,24.65515,0,0,1,,
,24.65603,0,0,1,,
,24.65713,0,0,1,,
,24.65801,0,0,1,,
,24.65889,0,0,1,,
,24.66025,0,0,1,,
,24.66137,0,0,1,,
,24.66228,0,0,1,,
,24.66324,0,0,1,,
,24.66413,0,0,1,,
,24.665,0,0,1,,
,24.6661,0,0,1,,
,24.66724,0,0,1,,
,24.66814,0,0,1,,
,24.66902,0,0,1,,
,24.6699,0,0,1,,
,24.67104,0,0,1,,
,24.67192,0,0,1,,
,24.67288,0,0,1,,
,24.67376,0,0,1,,
,24.67473,0,0,1,,
,24.67603,0,0,1,,
,24.67716,0,0,1,,
,24.67805,0,0,1,,
,24.67894,0,0,1,,
,24.67984,0,0,1,,
,24.68093,0,0,1,,
,24.68205,0,0,1,,
,24.68293,0,0,1,,
,24.68406,0,0,1,,
,24.68517,0,0,1,,
,24.68607,0,0,1,,
,24.6872,0,0,1,,
,24.68848,0,0,1,,
,24.68957,0,0,1,,
,24.69073,0,0,1,,
,24.69163,0,0,1,,
,24.69251,0,0,1,,
,24.69339,0,0,1,,
,24.69427,0,0,1,,
,24.69515,0,0,1,,
,24.69602,0,0,1,,
,24.69712,0,0,1,,
,24.69802,0,0,1,,
,24.69897,0,0,1,,
,24.69991,0,0,1,,
,24.70081,0,0,1,,
,24.70193,0,0,1,,
,24.70282,0,0,1,,
,24.70395,0,0,1,,
,24.70511,0,0,1,,
,24.706,0,0,1,,
,24.70693,0,0,1,,
,24.70809,0,0,1,,
,24.70913,0,0,1,,
,24.71024,0,0,1,,
,24.71114,0,0,1,,
,24.71224,0,0,1,,
,24.71312,0,0,1,,
,24.71399,0,0,1,,
,24.71489,0,0,1,,
,24.71612,0,0,1,,
,24.71705,0,0,1,,
,24.718,0,0,1,,
,24.71922,0,0,1,,
,24.72018,0,0,1,,
,24.72148,0,0,1,,
,24.72237,0,0,1,,
,24.72331,0,0,1,,
,24.72443,0,0,1,,
,24.72532,0,0,1,,
,24.72644,0,0,1,,
,24.72733,0,0,1,,
,24.72831,0,0,1,,
,24.72919,0,0,1,,
,24.73009,0,0,1,,
,24.73124,0,0,1,,
,24.73246,0,0,1,,
,24.73384,0,0,1,,
,24.73486,0,0,1,,
,24.73577,0,0,1,,
,24.73689,0,0,1,,
,24.73778,0,0,1,,
,24.73888,0,0,1,,
,24.73977,0,0,1,,
,24.74088,0,0,1,,
,24.74216,0,0,1,,
,24.74304,0,0,1,,
,24.74416,0,0,1,,
,24.74537,0,0,1,,
,24.74648,0,0,1,,
,24.74768,0,0,1,,
,24.74892,0,0,1,,
,24.74987,0,0,1,,
,24.75101,0,0,1,,
,24.75211,0,0,1,,
,24.75303,0,0,1,,
,24.75469,0,0,1,,
,24.75575,0,0,1,,
,24.75663,0,0,1,,
,24.75781,0,0,1,,
,24.75893,0,0,1,,
,24.76003,0,0,1,,
,24.76158,0,0,1,,
,24.7625,0,0,1,,
,24.76371,0,0,1,,
,24.76484,0,0,1,,
,24.76576,0,0,1,,
,24.76686,0,0,1,,
,24.76778,0,0,1,,
,24.76891,0,0,1,,
,24.77008,0,0,1,,
,24.77142,0,0,1,,
,24.77261,0,0,1,,
,24.77374,0,0,1,,
,24.77483,0,0,1,,
,24.77593,0,0,1,,
,24.77706,0,0,1,,
,24.77829,0,0,1,,
,24.77947,0,0,1,,
,24.78065,0,0,1,,
,24.78207,0,0,1,,
,24.78327,0,0,1,,
,24.7845,0,0,1,,
,24.78578,0,0,1,,
,24.78698,0,0,1,,
,24.78851,0,0,1,,
,24.78964,0,0,1,,
,24.79076,0,0,1,,
,24.79197,0,0,1,,
,24.7931,0,0,1,,
,24.79442,0,0,1,,
,24.79554,0,0,1,,
,24.79666,0,0,1,,
,24.79779,0,0,1,,
,24.79892,0,0,1,,
,24.80003,0,0,1,,
,24.80142,0,0,1,,
,24.8026,0,0,1,,
,24.80395,0,0,1,,
,24.80508,0,0,1,,
,24.8063,0,0,1,,
,24.80742,0,0,1,,
,24.80831,0,0,1,,
,24.80945,0,0,1,,
,24.81053,0,0,1,,
,24.81162,0,0,1,,
,24.81274,0,0,1,,
,24.81388,0,0,1,,
,24.81503,0,0,1,,
,24.8162,0,0,1,,
,24.81742,0,0,1,,
,24.81879,0,0,1,,
,24.81988,0,0,1,,
,24.82103,0,0,1,,
,24.82242,0,0,1,,
,24.82353,0,0,1,,
,24.82476,0,0,1,,
,24.8259,0,0,1,,
,24.82716,0,0,1,,
,24.82846,0,0,1,,
,24.82979,0,0,1,,
,24.83089,0,0,1,,
,24.83202,0,0,1,,
,24.83315,0,0,1,,
,24.83466,0,0,1,,
,24.83583,0,0,1,,
,24.83697,0,0,1,,
,24.8381,0,0,1,,
,24.83942,0,0,1,,
,24.84054,0,0,1,,
,24.84193,0,0,1,,
,24.84303,0,0,1,,
,24.84414,0,0,1,,
,24.84545,0,0,1,,
,24.84656,0,0,1,,
,24.84769,0,0,1,,
,24.84886,0,0,1,,
,24.84996,0,0,1,,
,24.85106,0,0,1,,
,24.85225,0,0,1,,
,24.85364,0,0,1,,
,24.8548,0,0,1,,
,24.8559,0,0,1,,
,24.85703,0,0,1,,
,24.85815,0,0,1,,
,24.85945,0,0,1,,
,24.86074,0,0,1,,
,24.86204,0,0,1,,
,24.86315,0,0,1,,
,24.86446,0,0,1,,
,24.86574,0,0,1,,
,24.86689,0,0,1,,
,24.86812,0,0,1,,
,24.86944,0,0,1,,
,24.87058,0,0,1,,
,24.87169,0,0,1,,
,24.87927,0,0,1,,
,24.8828,0,0,1,,
,24.88426,0,0,1,,
,24.88546,0,0,1,,
,24.88677,0,0,1,,
,24.88788,0,0,1,,
,24.88915,0,0,1,,
,24.89045,0,0,1,,
,24.89159,0,0,1,,
,24.89271,0,0,1,,
,24.89384,0,0,1,,
,24.89511,0,0,1,,
,24.89642,0,0,1,,
,24.89754,0,0,1,,
,24.89876,0,0,1,,
,24.89991,0,0,1,,
,24.90102,0,0,1,,
,24.90243,0,0,1,,
,24.90354,0,0,1,,
,24.90469,0,0,1,,
,24.90557,0,0,1,,
,24.90667,0,0,1,,
,24.90778,0,0,1,,
,24.90889,0,0,1,,
,24.91003,0,0,1,,
,24.91112,0,0,1,,
,24.91253,0,0,1,,
,24.91365,0,0,1,,
,24.91545,0,0,1,,
,24.91656,0,0,1,,
,24.91768,0,0,1,,
,24.91883,0,0,1,,
,24.91996,0,0,1,,
,24.92113,0,0,1,,
,24.92244,0,0,1,,
,24.92355,0,0,1,,
,24.92473,0,0,1,,
,24.92585,0,0,1,,
,24.92696,0,0,1,,
,24.92807,0,0,1,,
,24.92951,0,0,1,,
,24.93081,0,0,1,,
,24.93191,0,0,1,,
,24.93303,0,0,1,,
,24.93443,0,0,1,,
,24.93554,0,0,1,,
,24.93667,0,0,1,,
,24.93787,0,0,1,,
,24.93903,0,0,1,,
,24.94014,0,0,1,,
,24.94144,0,0,1,,
,24.94257,0,0,1,,
,24.94372,0,0,1,,
,24.94486,0,0,1,,
,24.94599,0,0,1,,
,24.94707,0,0,1,,
,24.94851,0,0,1,,
,24.9494,0,0,1,,
,24.9505,0,0,1,,
,24.95168,0,0,1,,
,24.95283,0,0,1,,
,24.95393,0,0,1,,
,24.95503,0,0,1,,
,24.95615,0,0,1,,
,24.95759,0,0,1,,
,24.95895,0,0,1,,
,24.96006,0,0,1,,
,24.96144,0,0,1,,
,24.96255,0,0,1,,
,24.9637,0,0,1,,
,24.96482,0,0,1,,
,24.96593,0,0,1,,
,24.96703,0,0,1,,
,24.9684,0,0,1,,
,24.96954,0,0,1,,
,24.97065,0,0,1,,
,24.9718,0,0,1,,
,24.97291,0,0,1,,
,24.97401,0,0,1,,
,24.9751,0,0,1,,
,24.97652,0,0,1,,
,24.97765,0,0,1,,
,24.97876,0,0,1,,
,24.97986,0,0,1,,
,24.98096,0,0,1,,
,24.9825,0,0,1,,
,24.98364,0,0,1,,
,24.98477,0,0,1,,
,24.98586,0,0,1,,
,24.98698,0,0,1,,
,24.98809,0,0,1,,
,24.98923,0,0,1,,
,24.99059,0,0,1,,
,24.99171,0,0,1,,
,24.99284,0,0,1,,
,24.99396,0,0,1,,
,24.99506,0,0,1,,
,24.99623,0,0,1,,
,24.99763,0,0,1,,
,24.99873,0,0,1,,
,24.99982,0,0,1,,
,25.00092,0,0,1,,
,25.00221,0,0,1,,
,25.00361,0,0,1,,
,25.00474,0,0,1,,
,25.00584,0,0,1,,
,25.00694,0,0,1,,
,25.00806,0,0,1,,
,25.00916,0,0,1,,
,25.01056,0,0,1,,
,25.01169,0,0,1,,
,25.01283,0,0,1,,
,25.01392,0,0,1,,
,25.0148,0,0,1,,
,25.0159,0,0,1,,
,25.01701,0,0,1,,
,25.01813,0,0,1,,
,25.01953,0,0,1,,
,25.02064,0,0,1,,
,25.02192,0,0,1,,
,25.02283,0,0,1,,
,25.02393,0,0,1,,
,25.02502,0,0,1,,
,25.02612,0,0,1,,
,25.0275,0,0,1,,
,25.02864,0,0,1,,
,25.02975,0,0,1,,
,25.03087,0,0,1,,
,25.03209,0,0,1,,
,25.03321,0,0,1,,
,25.03462,0,0,1,,
,25.03553,0,0,1,,
,25.03662,0,0,1,,
,25.03774,0,0,1,,
,25.03884,0,0,1,,
,25.03992,0,0,1,,
,25.04104,0,0,1,,
,25.04245,0,0,1,,
,25.04362,0,0,1,,
,25.04473,0,0,1,,
,25.04584,0,0,1,,
,25.04695,0,0,1,,
,25.04801,0,0,1,,
,25.04912,0,0,1,,
,25.05032,0,0,1,,
,25.05147,0,0,1,,
,25.0526,0,0,1,,
,25.05372,0,0,1,,
,25.05482,0,0,1,,
,25.05595,0,0,1,,
,25.0574,0,0,1,,
,25.05861,0,0,1,,
,25.05974,0,0,1,,
,25.06086,0,0,1,,
,25.06217,0,0,1,,
,25.06363,0,0,1,,
,25.06475,0,0,1,,
,25.06586,0,0,1,,
,25.06695,0,0,1,,
,25.06804,0,0,1,,
,25.06917,0,0,1,,
,25.07058,0,0,1,,
,25.07171,0,0,1,,
,25.07285,0,0,1,,
,25.07412,0,0,1,,
,25.07549,0,0,1,,
,25.0768,0,0,1,,
,25.07793,0,0,1,,
,25.07905,0,0,1,,
,25.08017,0,0,1,,
,25.08154,0,0,1,,
,25.08268,0,0,1,,
,25.08398,0,0,1,,
,25.0851,0,0,1,,
,25.08652,0,0,1,,
,25.08766,0,0,1,,
,25.08891,0,0,1,,
,25.09013,0,0,1,,
,25.09103,0,0,1,,
,25.09211,0,0,1,,
,25.0934,0,0,1,,
,25.09449,0,0,1,,
,25.09557,0,0,1,,
,25.09668,0,0,1,,
,25.0979,0,0,1,,
,25.0991,0,0,1,,
,25.10041,0,0,1,,
,25.1017,0,0,1,,
,25.10263,0,0,1,,
,25.10385,0,0,1,,
,25.10495,0,0,1,,
,25.10699,0,0,1,,
,25.10998,0,0,1,,
,25.11144,0,0,1,,
,25.11257,0,0,1,,
,25.11371,0,0,1,,
,25.11462,0,0,1,,
,25.11573,0,0,1,,
,25.11684,0,0,1,,
,25.11793,0,0,1,,
,25.11904,0,0,1,,
,25.12018,0,0,1,,
,25.12155,0,0,1,,
,25.12288,0,0,1,,
,25.12462,0,0,1,,
,25.12578,0,0,1,,
,25.12717,0,0,1,,
,25.12862,0,0,1,,
,25.13047,0,0,1,,
,25.13169,0,0,1,,
,25.13301,0,0,1,,
,25.1345,0,0,1,,
,25.13559,0,0,1,,
,25.13668,0,0,1,,
,25.13792,0,0,1,,
,25.13907,0,0,1,,
,25.14044,0,0,1,,
,25.14505,0,0,1,,
,25.14645,0,0,1,,
,25.14754,0,0,1,,
,25.14864,0,0,1,,
,25.14973,0,0,1,,
,25.1508,0,0,1,,
,25.15189,0,0,1,,
,25.15362,0,0,1,,
,25.1547,0,0,1,,
,25.15558,0,0,1,,
,25.15667,0,0,1,,
,25.15785,0,0,1,,
,25.15892,0,0,1,,
,25.15999,0,0,1,,
,25.16105,0,0,1,,
,25.16236,0,0,1,,
,25.16325,0,0,1,,
,25.16413,0,0,1,,
,25.16539,0,0,1,,
,25.16646,0,0,1,,
,25.16756,0,0,1,,
,25.16863,0,0,1,,
,25.16969,0,0,1,,
,25.17079,0,0,1,,
,25.17184,0,0,1,,
,25.1729,0,0,1,,
,25.17404,0,0,1,,
,25.17512,0,0,1,,
,25.17638,0,0,1,,
,25.17747,0,0,1,,
,25.17835,0,0,1,,
,25.1794,0,0,1,,
,25.18047,0,0,1,,
,25.18157,0,0,1,,
,25.1828,0,0,1,,
,25.18368,0,0,1,,
,25.18477,0,0,1,,
,25.18566,0,0,1,,
,25.18683,0,0,1,,
,25.18773,0,0,1,,
,25.18883,0,0,1,,
,25.1897,0,0,1,,
,25.19086,0,0,1,,
,25.19192,0,0,1,,
,25.19278,0,0,1,,
,25.19368,0,0,1,,
,25.19482,0,0,1,,
,25.19571,0,0,1,,
,25.19677,0,0,1,,
,25.19764,0,0,1,,
,25.19872,0,0,1,,
,25.1996,0,0,1,,
,25.20067,0,0,1,,
,25.20197,0,0,1,,
,25.20286,0,0,1,,
,25.20372,0,0,1,,
,25.20461,0,0,1,,
,25.20566,0,0,1,,
,25.20671,0,0,1,,
,25.20757,0,0,1,,
,25.20845,0,0,1,,
,25.20932,0,0,1,,
,25.21019,0,0,1,,
,25.21105,0,0,1,,
,25.21191,0,0,1,,
,25.21287,0,0,1,,
,25.21394,0,0,1,,
,25.21504,0,0,1,,
,25.21592,0,0,1,,
,25.21703,0,0,1,,
,25.21803,0,0,1,,
,25.21891,0,0,1,,
,25.21991,0,0,1,,
,25.22078,0,0,1,,
,25.22216,0,0,1,,
,25.22355,0,0,1,,
,25.22464,0,0,1,,
,25.22552,0,0,1,,
,25.22661,0,0,1,,
,25.22748,0,0,1,,
,25.22836,0,0,1,,
,25.22926,0,0,1,,
,25.23024,0,0,1,,
,25.23114,0,0,1,,
,25.23251,0,0,1,,
,25.23339,0,0,1,,
,25.23429,0,0,1,,
,25.23542,0,0,1,,
,25.23629,0,0,1,,
,25.23716,0,0,1,,
,25.23802,0,0,1,,
,25.23909,0,0,1,,
,25.24029,0,0,1,,
,25.24164,0,0,1,,
,25.24267,0,0,1,,
,25.24353,0,0,1,,
,25.24463,0,0,1,,
,25.24552,0,0,1,,
,25.24659,0,0,1,,
,25.24746,0,0,1,,
,25.24854,0,0,1,,
,25.24946,0,0,1,,
,25.25056,0,0,1,,
,25.25143,0,0,1,,
,25.25236,0,0,1,,
,25.25345,0,0,1,,
,25.25433,0,0,1,,
,25.25541,0,0,1,,
,25.25627,0,0,1,,
,25.25713,0,0,1,,
,25.258,0,0,1,,
,25.25885,0,0,1,,
,25.2597,0,0,1,,
,25.26067,0,0,1,,
,25.26174,0,0,1,,
,25.26261,0,0,1,,
,25.26347,0,0,1,,
,25.2646,0,0,1,,
,25.26558,0,0,1,,
,25.26645,0,0,1,,
,25.26732,0,0,1,,
,25.26844,0,0,1,,
,25.26934,0,0,1,,
,25.27024,0,0,1,,
,25.2711,0,0,1,,
,25.27197,0,0,1,,
,25.27286,0,0,1,,
,25.27394,0,0,1,,
,25.2748,0,0,1,,
,25.27565,0,0,1,,
,25.27679,0,0,1,,
,25.27766,0,0,1,,
,25.27852,0,0,1,,
,25.27938,0,0,1,,
,25.28042,0,0,1,,
,25.28151,0,0,1,,
,25.28238,0,0,1,,
,25.28327,0,0,1,,
,25.28415,0,0,1,,
,25.28554,0,0,1,,
,25.2864,0,0,1,,
,25.28728,0,0,1,,
,25.28814,0,0,1,,
,25.289,0,0,1,,
,25.28988,0,0,1,,
,25.29075,0,0,1,,
,25.2916,0,0,1,,
,25.29265,0,0,1,,
,25.29373,0,0,1,,
,25.29463,0,0,1,,
,25.29552,0,0,1,,
,25.29669,0,0,1,,
,25.29756,0,0,1,,
,25.29842,0,0,1,,
,25.29948,0,0,1,,
,25.30056,0,0,1,,
,25.30172,0,0,1,,
,25.3026,0,0,1,,
,25.30367,0,0,1,,
,25.30475,0,0,1,,
,25.30562,0,0,1,,
,25.3065,0,0,1,,
,25.30761,0,0,1,,
,25.30867,0,0,1,,
,25.30953,0,0,1,,
,25.31062,0,0,1,,
,25.31148,0,0,1,,
,25.31261,0,0,1,,
,25.31367,0,0,1,,
,25.31481,0,0,1,,
,25.31601,0,0,1,,
,25.31709,0,0,1,,
,25.31799,0,0,1,,
,25.31904,0,0,1,,
,25.3201,0,0,1,,
,25.32125,0,0,1,,
,25.32211,0,0,1,,
,25.32336,0,0,1,,
,25.32445,0,0,1,,
,25.3254,0,0,1,,
,25.32628,0,0,1,,
,25.32714,0,0,1,,
,25.328,0,0,1,,
,25.3291,0,0,1,,
,25.33027,0,0,1,,
,25.33119,0,0,1,,
,25.33207,0,0,1,,
,25.33343,0,0,1,,
,25.3345,0,0,1,,
,25.33542,0,0,1,,
,25.33649,0,0,1,,
,25.33775,0,0,1,,
,25.33863,0,0,1,,
,25.33969,0,0,1,,
,25.34085,0,0,1,,
,25.34211,0,0,1,,
,25.34303,0,0,1,,
,25.34389,0,0,1,,
,25.34502,0,0,1,,
,25.3461,0,0,1,,
,25.34697,0,0,1,,
,25.34784,0,0,1,,
,25.3487,0,0,1,,
,25.34985,0,0,1,,
,25.35073,0,0,1,,
,25.35161,0,0,1,,
,25.35266,0,0,1,,
,25.35353,0,0,1,,
,25.35472,0,0,1,,
,25.35559,0,0,1,,
,25.35646,0,0,1,,
,25.35732,0,0,1,,
,25.35844,0,0,1,,
,25.3593,0,0,1,,
,25.36016,0,0,1,,
,25.36127,0,0,1,,
,25.36238,0,0,1,,
,25.36333,0,0,1,,
,25.36421,0,0,1,,
,25.36513,0,0,1,,
,25.36923,0,0,1,,
,25.37017,0,0,1,,
,25.37105,0,0,1,,
,25.37192,0,0,1,,
,25.37316,0,0,1,,
,25.37404,0,0,1,,
,25.37491,0,0,1,,
,25.37578,0,0,1,,
,25.37673,0,0,1,,
,25.37761,0,0,1,,
,25.37847,0,0,1,,
,25.37935,0,0,1,,
,25.38043,0,0,1,,
,25.38153,0,0,1,,
,25.3824,0,0,1,,
,25.38326,0,0,1,,
,25.38412,0,0,1,,
,25.3853,0,0,1,,
,25.38625,0,0,1,,
,25.38714,0,0,1,,
,25.38823,0,0,1,,
,25.38929,0,0,1,,
,25.39041,0,0,1,,
,25.3913,0,0,1,,
,25.39256,0,0,1,,
,25.39343,0,0,1,,
,25.39429,0,0,1,,
,25.39519,0,0,1,,
,25.39635,0,0,1,,
,25.3973,0,0,1,,
,25.39844,0,0,1,,
,25.39954,0,0,1,,
,25.40062,0,0,1,,
,25.40172,0,0,1,,
,25.40258,0,0,1,,
,25.40346,0,0,1,,
,25.40436,0,0,1,,
,25.40562,0,0,1,,
,25.40648,0,0,1,,
,25.40755,0,0,1,,
,25.40843,0,0,1,,
,25.40929,0,0,1,,
,25.41017,0,0,1,,
,25.41133,0,0,1,,
,25.41241,0,0,1,,
,25.41347,0,0,1,,
,25.41454,0,0,1,,
,25.41562,0,0,1,,
,25.4165,0,0,1,,
,25.41758,0,0,1,,
,25.41866,0,0,1,,
,25.41975,0,0,1,,
,25.42061,0,0,1,,
,25.42183,0,0,1,,
,25.42293,0,0,1,,
,25.42429,0,0,1,,
,25.42542,0,0,1,,
,25.42656,0,0,1,,
,25.42767,0,0,1,,
,25.42876,0,0,1,,
,25.42985,0,0,1,,
,25.43074,0,0,1,,
,25.43182,0,0,1,,
,25.43288,0,0,1,,
,25.4341,0,0,1,,
,25.4352,0,0,1,,
,25.4365,0,0,1,,
,25.43769,0,0,1,,
,25.43893,0,0,1,,
,25.44001,0,0,1,,
,25.44139,0,0,1,,
,25.44247,0,0,1,,
,25.44354,0,0,1,,
,25.44471,0,0,1,,
,25.4458,0,0,1,,
,25.44686,0,0,1,,
,25.44793,0,0,1,,
,25.44902,0,0,1,,
,25.45008,0,0,1,,
,25.45116,0,0,1,,
,25.45251,0,0,1,,
,25.4536,0,0,1,,
,25.45468,0,0,1,,
,25.45609,0,0,1,,
,25.45739,0,0,1,,
,25.45856,0,0,1,,
,25.45984,0,0,1,,
,25.46095,0,0,1,,
,25.4625,0,0,1,,
,25.46364,0,0,1,,
,25.46451,0,0,1,,
,25.46572,0,0,1,,
,25.46699,0,0,1,,
,25.46789,0,0,1,,
,25.46905,0,0,1,,
,25.47011,0,0,1,,
,25.47142,0,0,1,,
,25.47348,0,0,1,,
,25.47481,0,0,1,,
,25.47573,0,0,1,,
,25.47685,0,0,1,,
,25.4783,0,0,1,,
,25.47919,0,0,1,,
,25.48007,0,0,1,,
,25.48119,0,0,1,,
,25.48267,0,0,1,,
,25.48399,0,0,1,,
,25.48488,0,0,1,,
,25.48581,0,0,1,,
,25.4867,0,0,1,,
,25.48756,0,0,1,,
,25.48877,0,0,1,,
,25.48965,0,0,1,,
,25.49052,0,0,1,,
,25.49161,0,0,1,,
,25.49249,0,0,1,,
,25.49359,0,0,1,,
,25.49446,0,0,1,,
,25.49535,0,0,1,,
,25.49621,0,0,1,,
,25.49707,0,0,1,,
,25.49793,0,0,1,,
,25.49883,0,0,1,,
,25.49968,0,0,1,,
,25.50054,0,0,1,,
,25.50162,0,0,1,,
,25.50271,0,0,1,,
,25.50358,0,0,1,,
,25.50454,0,0,1,,
,25.50567,0,0,1,,
,25.50654,0,0,1,,
,25.5074,0,0,1,,
,25.5085,0,0,1,,
,25.5096,0,0,1,,
,25.51047,0,0,1,,
,25.51133,0,0,1,,
,25.51219,0,0,1,,
,25.51305,0,0,1,,
,25.51415,0,0,1,,
,25.51529,0,0,1,,
,25.51632,0,0,1,,
,25.51746,0,0,1,,
,25.51855,0,0,1,,
,25.51944,0,0,1,,
,25.52035,0,0,1,,
,25.52144,0,0,1,,
,25.5223,0,0,1,,
,25.52321,0,0,1,,
,25.52407,0,0,1,,
,25.52493,0,0,1,,
,25.52604,0,0,1,,
,25.52691,0,0,1,,
,25.52778,0,0,1,,
,25.52867,0,0,1,,
,25.52952,0,0,1,,
,25.53062,0,0,1,,
,25.53149,0,0,1,,
,25.53259,0,0,1,,
,25.53369,0,0,1,,
,25.53466,0,0,1,,
,25.53591,0,0,1,,
,25.53705,0,0,1,,
,25.53793,0,0,1,,
,25.5388,0,0,1,,
,25.53974,0,0,1,,
,25.54084,0,0,1,,
,25.54195,0,0,1,,
,25.54305,0,0,1,,
,25.54392,0,0,1,,
,25.54499,0,0,1,,
,25.54585,0,0,1,,
,25.54671,0,0,1,,
,25.54782,0,0,1,,
,25.54869,0,0,1,,
,25.54954,0,0,1,,
,25.5504,0,0,1,,
,25.55132,0,0,1,,
,25.55248,0,0,1,,
,25.55335,0,0,1,,
,25.55447,0,0,1,,
,25.55534,0,0,1,,
,25.55654,0,0,1,,
,25.55764,0,0,1,,
,25.55854,0,0,1,,
,25.5594,0,0,1,,
,25.56026,0,0,1,,
,25.56153,0,0,1,,
,25.56247,0,0,1,,
,25.56334,0,0,1,,
,25.56421,0,0,1,,
,25.56506,0,0,1,,
,25.56592,0,0,1,,
,25.56677,0,0,1,,
,25.56763,0,0,1,,
,25.56848,0,0,1,,
,25.56933,0,0,1,,
,25.57018,0,0,1,,
,25.57103,0,0,1,,
,25.57189,0,0,1,,
,25.57298,0,0,1,,
,25.57384,0,0,1,,
,25.5747,0,0,1,,
,25.57582,0,0,1,,
,25.57669,0,0,1,,
,25.57756,0,0,1,,
,25.57842,0,0,1,,
,25.57929,0,0,1,,
,25.58014,0,0,1,,
,25.58121,0,0,1,,
,25.58208,0,0,1,,
,25.58294,0,0,1,,
,25.5838,0,0,1,,
,25.58468,0,0,1,,
,25.58553,0,0,1,,
,25.58639,0,0,1,,
,25.58724,0,0,1,,
,25.5881,0,0,1,,
,25.58895,0,0,1,,
,25.5898,0,0,1,,
,25.59065,0,0,1,,
,25.5915,0,0,1,,
,25.59558,0,0,1,,
,25.5965,0,0,1,,
,25.59738,0,0,1,,
,25.59825,0,0,1,,
,25.59912,0,0,1,,
,25.60015,0,0,1,,
,25.60135,0,0,1,,
,25.60228,0,0,1,,
,25.60321,0,0,1,,
,25.60406,0,0,1,,
,25.60494,0,0,1,,
,25.60579,0,0,1,,
,25.60665,0,0,1,,
,25.6075,0,0,1,,
,25.60836,0,0,1,,
,25.60921,0,0,1,,
,25.61006,0,0,1,,
,25.61092,0,0,1,,
,25.6119,0,0,1,,
,25.61281,0,0,1,,
,25.61393,0,0,1,,
,25.61492,0,0,1,,
,25.61581,0,0,1,,
,25.61669,0,0,1,,
,25.61788,0,0,1,,
,25.61874,0,0,1,,
,25.6196,0,0,1,,
,25.62045,0,0,1,,
,25.62152,0,0,1,,
,25.62238,0,0,1,,
,25.62324,0,0,1,,
,25.62411,0,0,1,,
,25.62496,0,0,1,,
,25.62585,0,0,1,,
,25.62671,0,0,1,,
,25.62756,0,0,1,,
,25.62842,0,0,1,,
,25.62927,0,0,1,,
,25.63013,0,0,1,,
,25.63098,0,0,1,,
,25.63183,0,0,1,,
,25.63269,0,0,1,,
,25.63354,0,0,1,,
,25.63441,0,0,1,,
,25.63526,0,0,1,,
,25.63611,0,0,1,,
,25.63696,0,0,1,,
,25.63805,0,0,1,,
,25.63893,0,0,1,,
,25.63984,0,0,1,,
,25.6407,0,0,1,,
,25.64178,0,0,1,,
,25.64263,0,0,1,,
,25.64348,0,0,1,,
,25.64434,0,0,1,,
,25.64521,0,0,1,,
,25.64607,0,0,1,,
,25.64693,0,0,1,,
,25.64781,0,0,1,,
,25.64887,0,0,1,,
,25.64973,0,0,1,,
,25.65059,0,0,1,,
,25.65144,0,0,1,,
,25.6523,0,0,1,,
,25.65316,0,0,1,,
,25.65402,0,0,1,,
,25.65487,0,0,1,,
,25.65572,0,0,1,,
,25.65657,0,0,1,,
,25.65742,0,0,1,,
,25.65832,0,0,1,,
,25.65917,0,0,1,,
,25.66003,0,0,1,,
,25.6611,0,0,1,,
,25.66196,0,0,1,,
,25.66282,0,0,1,,
,25.66367,0,0,1,,
,25.66453,0,0,1,,
,25.66539,0,0,1,,
,25.66625,0,0,1,,
,25.6671,0,0,1,,
,25.66796,0,0,1,,
,25.66884,0,0,1,,
,25.66974,0,0,1,,
,25.67062,0,0,1,,
,25.6715,0,0,1,,
,25.67241,0,0,1,,
,25.67337,0,0,1,,
,25.67423,0,0,1,,
,25.67508,0,0,1,,
,25.67594,0,0,1,,
,25.67682,0,0,1,,
,25.67768,0,0,1,,
,25.67853,0,0,1,,
,25.6794,0,0,1,,
,25.68026,0,0,1,,
,25.68133,0,0,1,,
,25.68242,0,0,1,,
,25.68333,0,0,1,,
,25.6842,0,0,1,,
,25.68506,0,0,1,,
,25.68592,0,0,1,,
,25.68678,0,0,1,,
,25.68765,0,0,1,,
,25.68855,0,0,1,,
,25.68959,0,0,1,,
,25.69044,0,0,1,,
,25.69131,0,0,1,,
,25.69221,0,0,1,,
,25.69338,0,0,1,,
,25.69425,0,0,1,,
,25.69513,0,0,1,,
,25.69599,0,0,1,,
,25.69685,0,0,1,,
,25.69771,0,0,1,,
,25.69857,0,0,1,,
,25.69943,0,0,1,,
,25.70028,0,0,1,,
,25.70135,0,0,1,,
,25.70227,0,0,1,,
,25.70321,0,0,1,,
,25.70406,0,0,1,,
,25.70491,0,0,1,,
,25.70576,0,0,1,,
,25.70662,0,0,1,,
,25.70748,0,0,1,,
,25.70834,0,0,1,,
,25.7092,0,0,1,,
,25.71006,0,0,1,,
,25.71096,0,0,1,,
,25.7119,0,0,1,,
,25.71283,0,0,1,,
,25.7137,0,0,1,,
,25.71456,0,0,1,,
,25.71541,0,0,1,,
,25.71628,0,0,1,,
,25.71718,0,0,1,,
,25.71803,0,0,1,,
,25.7189,0,0,1,,
,25.71977,0,0,1,,
,25.72063,0,0,1,,
,25.72172,0,0,1,,
,25.72258,0,0,1,,
,25.72343,0,0,1,,
,25.72429,0,0,1,,
,25.72515,0,0,1,,
,25.72601,0,0,1,,
,25.72688,0,0,1,,
,25.72774,0,0,1,,
,25.72866,0,0,1,,
,25.72977,0,0,1,,
,25.73063,0,0,1,,
,25.73149,0,0,1,,
,25.73235,0,0,1,,
,25.7332,0,0,1,,
,25.73405,0,0,1,,
,25.73491,0,0,1,,
,25.73576,0,0,1,,
,25.73662,0,0,1,,
,25.73746,0,0,1,,
,25.73831,0,0,1,,
,25.73916,0,0,1,,
,25.74002,0,0,1,,
,25.74109,0,0,1,,
,25.74195,0,0,1,,
,25.74281,0,0,1,,
,25.74372,0,0,1,,
,25.74459,0,0,1,,
,25.74547,0,0,1,,
,25.74633,0,0,1,,
,25.74719,0,0,1,,
,25.74805,0,0,1,,
,25.7489,0,0,1,,
,25.74975,0,0,1,,
,25.75062,0,0,1,,
,25.75147,0,0,1,,
,25.75233,0,0,1,,
,25.75318,0,0,1,,
,25.75403,0,0,1,,
,25.75488,0,0,1,,
,25.75573,0,0,1,,
,25.75658,0,0,1,,
,25.75743,0,0,1,,
,25.75828,0,0,1,,
,25.75917,0,0,1,,
,25.76002,0,0,1,,
,25.76111,0,0,1,,
,25.76197,0,0,1,,
,25.76281,0,0,1,,
,25.76367,0,0,1,,
,25.76453,0,0,1,,
,25.76538,0,0,1,,
,25.76624,0,0,1,,
,25.76709,0,0,1,,
,25.76793,0,0,1,,
,25.76878,0,0,1,,
,25.76963,0,0,1,,
,25.77048,0,0,1,,
,25.77137,0,0,1,,
,25.77222,0,0,1,,
,25.77307,0,0,1,,
,25.77398,0,0,1,,
,25.77484,0,0,1,,
,25.7757,0,0,1,,
,25.77655,0,0,1,,
,25.77742,0,0,1,,
,25.77829,0,0,1,,
,25.77914,0,0,1,,
,25.77999,0,0,1,,
,25.78084,0,0,1,,
,25.78193,0,0,1,,
,25.78278,0,0,1,,
,25.78363,0,0,1,,
,25.78448,0,0,1,,
,25.78533,0,0,1,,
,25.78618,0,0,1,,
,25.78703,0,0,1,,
,25.78788,0,0,1,,
,25.78873,0,0,1,,
,25.78958,0,0,1,,
,25.79042,0,0,1,,
,25.79128,0,0,1,,
,25.79217,0,0,1,,
,25.79632,0,0,1,,
,25.7972,0,0,1,,
,25.79808,0,0,1,,
,25.79894,0,0,1,,
,25.7998,0,0,1,,
,25.80066,0,0,1,,
,25.80174,0,0,1,,
,25.80262,0,0,1,,
,25.80348,0,0,1,,
,25.80434,0,0,1,,
,25.80519,0,0,1,,
,25.80606,0,0,1,,
,25.80694,0,0,1,,
,25.80785,0,0,1,,
,25.80871,0,0,1,,
,25.80956,0,0,1,,
,25.81044,0,0,1,,
,25.81129,0,0,1,,
,25.81215,0,0,1,,
,25.81301,0,0,1,,
,25.81386,0,0,1,,
,25.81471,0,0,1,,
,25.81568,0,0,1,,
,25.81658,0,0,1,,
,25.81746,0,0,1,,
,25.81833,0,0,1,,
,25.81921,0,0,1,,
,25.82008,0,0,1,,
,25.82116,0,0,1,,
,25.82208,0,0,1,,
,25.82306,0,0,1,,
,25.82398,0,0,1,,
,25.82484,0,0,1,,
,25.8257,0,0,1,,
,25.82663,0,0,1,,
,25.82773,0,0,1,,
,25.82866,0,0,1,,
,25.82968,0,0,1,,
,25.83053,0,0,1,,
,25.83138,0,0,1,,
,25.83225,0,0,1,,
,25.83311,0,0,1,,
,25.83397,0,0,1,,
,25.83481,0,0,1,,
,25.83572,0,0,1,,
,25.83658,0,0,1,,
,25.83744,0,0,1,,
,25.83829,0,0,1,,
,25.83915,0,0,1,,
,25.84001,0,0,1,,
,25.84106,0,0,1,,
,25.84192,0,0,1,,
,25.84277,0,0,1,,
,25.84363,0,0,1,,
,25.84448,0,0,1,,
,25.84534,0,0,1,,
,25.84619,0,0,1,,
,25.84711,0,0,1,,
,25.84812,0,0,1,,
,25.84901,0,0,1,,
,25.84993,0,0,1,,
,25.85089,0,0,1,,
,25.85174,0,0,1,,
,25.85258,0,0,1,,
,25.85344,0,0,1,,
,25.85431,0,0,1,,
,25.85515,0,0,1,,
,25.856,0,0,1,,
,25.85685,0,0,1,,
,25.85771,0,0,1,,
,25.85857,0,0,1,,
,25.85942,0,0,1,,
,25.86027,0,0,1,,
,25.86142,0,0,1,,
,25.86228,0,0,1,,
,25.86313,0,0,1,,
,25.86399,0,0,1,,
,25.86485,0,0,1,,
,25.86571,0,0,1,,
,25.86656,0,0,1,,
,25.86741,0,0,1,,
,25.86827,0,0,1,,
,25.86913,0,0,1,,
,25.86997,0,0,1,,
,25.87094,0,0,1,,
,25.87204,0,0,1,,
,25.87295,0,0,1,,
,25.87385,0,0,1,,
,25.87474,0,0,1,,
,25.87573,0,0,1,,
,25.87668,0,0,1,,
,25.87754,0,0,1,,
,25.87842,0,0,1,,
,25.87929,0,0,1,,
,25.88015,0,0,1,,
,25.88122,0,0,1,,
,25.88207,0,0,1,,
,25.88293,0,0,1,,
,25.88378,0,0,1,,
,25.88464,0,0,1,,
,25.8855,0,0,1,,
,25.88635,0,0,1,,
,25.88723,0,0,1,,
,25.88808,0,0,1,,
,25.88893,0,0,1,,
,25.88979,0,0,1,,
,25.89064,0,0,1,,
,25.89149,0,0,1,,
,25.89234,0,0,1,,
,25.89324,0,0,1,,
,25.89409,0,0,1,,
,25.89495,0,0,1,,
,25.8958,0,0,1,,
,25.89667,0,0,1,,
,25.89752,0,0,1,,
,25.89837,0,0,1,,
,25.89922,0,0,1,,
,25.90006,0,0,1,,
,25.90111,0,0,1,,
,25.90197,0,0,1,,
,25.90292,0,0,1,,
,25.90397,0,0,1,,
,25.90484,0,0,1,,
,25.9057,0,0,1,,
,25.90656,0,0,1,,
,25.90742,0,0,1,,
,25.90827,0,0,1,,
,25.90913,0,0,1,,
,25.90999,0,0,1,,
,25.91084,0,0,1,,
,25.91169,0,0,1,,
,25.91261,0,0,1,,
,25.91369,0,0,1,,
,25.91457,0,0,1,,
,25.91545,0,0,1,,
,25.91632,0,0,1,,
,25.91718,0,0,1,,
,25.9181,0,0,1,,
,25.91909,0,0,1,,
,25.92,0,0,1,,
,25.9211,0,0,1,,
,25.92206,0,0,1,,
,25.92291,0,0,1,,
,25.92377,0,0,1,,
,25.92463,0,0,1,,
,25.92547,0,0,1,,
,25.92633,0,0,1,,
,25.92718,0,0,1,,
,25.92804,0,0,1,,
,25.92893,0,0,1,,
,25.9298,0,0,1,,
,25.93066,0,0,1,,
,25.93152,0,0,1,,
,25.93237,0,0,1,,
,25.93323,0,0,1,,
,25.93409,0,0,1,,
,25.93509,0,0,1,,
,25.93607,0,0,1,,
,25.93694,0,0,1,,
,25.9378,0,0,1,,
,25.93872,0,0,1,,
,25.93974,0,0,1,,
,25.94058,0,0,1,,
,25.94166,0,0,1,,
,25.94252,0,0,1,,
,25.94338,0,0,1,,
,25.94422,0,0,1,,
,25.94508,0,0,1,,
,25.94593,0,0,1,,
,25.94678,0,0,1,,
,25.94763,0,0,1,,
,25.94848,0,0,1,,
,25.94934,0,0,1,,
,25.95022,0,0,1,,
,25.95107,0,0,1,,
,25.95198,0,0,1,,
,25.95284,0,0,1,,
,25.95369,0,0,1,,
,25.95455,0,0,1,,
,25.95541,0,0,1,,
,25.95626,0,0,1,,
,25.95711,0,0,1,,
,25.95796,0,0,1,,
,25.95882,0,0,1,,
,25.95968,0,0,1,,
,25.96054,0,0,1,,
,25.9616,0,0,1,,
,25.96252,0,0,1,,
,25.96358,0,0,1,,
,25.96443,0,0,1,,
,25.96529,0,0,1,,
,25.96617,0,0,1,,
,25.96702,0,0,1,,
,25.96787,0,0,1,,
,25.96873,0,0,1,,
,25.96958,0,0,1,,
,25.97042,0,0,1,,
,25.97129,0,0,1,,
,25.97214,0,0,1,,
,25.97299,0,0,1,,
,25.97384,0,0,1,,
,25.97476,0,0,1,,
,25.97579,0,0,1,,
,25.97665,0,0,1,,
,25.97751,0,0,1,,
,25.97837,0,0,1,,
,25.97923,0,0,1,,
,25.98009,0,0,1,,
,25.98115,0,0,1,,
,25.98215,0,0,1,,
,25.98309,0,0,1,,
,25.98394,0,0,1,,
,25.9848,0,0,1,,
,25.98565,0,0,1,,
,25.98656,0,0,1,,
,25.9876,0,0,1,,
,25.98846,0,0,1,,
,25.98931,0,0,1,,
,25.99016,0,0,1,,
,25.99102,0,0,1,,
,25.99187,0,0,1,,
,25.99273,0,0,1,,
,25.99358,0,0,1,,
,25.99771,0,0,1,,
,25.99862,0,0,1,,
,25.9995,0,0,1,,
,26.00036,0,0,1,,
,26.00145,0,0,1,,
,26.00231,0,0,1,,
,26.00318,0,0,1,,
,26.00404,0,0,1,,
,26.00489,0,0,1,,
,26.00575,0,0,1,,
,26.00661,0,0,1,,
,26.00746,0,0,1,,
,26.00831,0,0,1,,
,26.00917,0,0,1,,
,26.01002,0,0,1,,
,26.01088,0,0,1,,
,26.01173,0,0,1,,
,26.01269,0,0,1,,
,26.01355,0,0,1,,
,26.01443,0,0,1,,
,26.01529,0,0,1,,
,26.01615,0,0,1,,
,26.017,0,0,1,,
,26.01785,0,0,1,,
,26.0187,0,0,1,,
,26.01955,0,0,1,,
,26.02041,0,0,1,,
,26.02148,0,0,1,,
,26.02233,0,0,1,,
,26.02318,0,0,1,,
,26.02404,0,0,1,,
,26.02489,0,0,1,,
,26.02574,0,0,1,,
,26.02659,0,0,1,,
,26.02745,0,0,1,,
,26.02831,0,0,1,,
,26.02916,0,0,1,,
,26.03003,0,0,1,,
,26.03089,0,0,1,,
,26.03174,0,0,1,,
,26.03265,0,0,1,,
,26.03369,0,0,1,,
,26.03455,0,0,1,,
,26.03546,0,0,1,,
,26.03649,0,0,1,,
,26.03736,0,0,1,,
,26.03822,0,0,1,,
,26.03907,0,0,1,,
,26.03993,0,0,1,,
,26.04078,0,0,1,,
,26.04187,0,0,1,,
,26.04272,0,0,1,,
,26.04357,0,0,1,,
,26.04443,0,0,1,,
,26.04529,0,0,1,,
,26.0463,0,0,1,,
,26.04723,0,0,1,,
,26.0481,0,0,1,,
,26.04897,0,0,1,,
,26.04988,0,0,1,,
,26.05088,0,0,1,,
,26.05174,0,0,1,,
,26.0526,0,0,1,,
,26.05346,0,0,1,,
,26.05432,0,0,1,,
,26.05518,0,0,1,,
,26.05606,0,0,1,,
,26.05691,0,0,1,,
,26.05777,0,0,1,,
,26.05862,0,0,1,,
,26.05947,0,0,1,,
,26.06032,0,0,1,,
,26.06139,0,0,1,,
,26.06225,0,0,1,,
,26.06311,0,0,1,,
,26.06398,0,0,1,,
,26.06483,0,0,1,,
,26.06569,0,0,1,,
,26.06655,0,0,1,,
,26.0674,0,0,1,,
,26.06825,0,0,1,,
,26.0691,0,0,1,,
,26.06995,0,0,1,,
,26.07085,0,0,1,,
,26.0717,0,0,1,,
,26.07255,0,0,1,,
,26.0734,0,0,1,,
,26.07425,0,0,1,,
,26.07511,0,0,1,,
,26.07597,0,0,1,,
,26.07683,0,0,1,,
,26.0777,0,0,1,,
,26.07856,0,0,1,,
,26.07945,0,0,1,,
,26.08054,0,0,1,,
,26.0818,0,0,1,,
,26.0827,0,0,1,,
,26.08356,0,0,1,,
,26.08442,0,0,1,,
,26.08528,0,0,1,,
,26.08613,0,0,1,,
,26.087,0,0,1,,
,26.08785,0,0,1,,
,26.08871,0,0,1,,
,26.08956,0,0,1,,
,26.09042,0,0,1,,
,26.09128,0,0,1,,
,26.09214,0,0,1,,
,26.09299,0,0,1,,
,26.09384,0,0,1,,
,26.09469,0,0,1,,
,26.09554,0,0,1,,
,26.0964,0,0,1,,
,26.09726,0,0,1,,
,26.09811,0,0,1,,
,26.09895,0,0,1,,
,26.09981,0,0,1,,
,26.10066,0,0,1,,
,26.10173,0,0,1,,
,26.10259,0,0,1,,
,26.10346,0,0,1,,
,26.10432,0,0,1,,
,26.10517,0,0,1,,
,26.10602,0,0,1,,
,26.10688,0,0,1,,
,26.10774,0,0,1,,
,26.10858,0,0,1,,
,26.10943,0,0,1,,
,26.11047,0,0,1,,
,26.11139,0,0,1,,
,26.11226,0,0,1,,
,26.11313,0,0,1,,
,26.114,0,0,1,,
,26.11486,0,0,1,,
,26.11571,0,0,1,,
,26.11655,0,0,1,,
,26.1174,0,0,1,,
,26.11826,0,0,1,,
,26.11912,0,0,1,,
,26.11997,0,0,1,,
,26.12087,0,0,1,,
,26.12207,0,0,1,,
,26.12293,0,0,1,,
,26.12379,0,0,1,,
,26.12465,0,0,1,,
,26.12554,0,0,1,,
,26.12659,0,0,1,,
,26.12746,0,0,1,,
,26.12843,0,0,1,,
,26.12933,0,0,1,,
,26.13019,0,0,1,,
,26.13106,0,0,1,,
,26.13193,0,0,1,,
,26.1328,0,0,1,,
,26.13365,0,0,1,,
,26.13451,0,0,1,,
,26.13536,0,0,1,,
,26.13621,0,0,1,,
,26.13707,0,0,1,,
,26.13791,0,0,1,,
,26.13878,0,0,1,,
,26.13964,0,0,1,,
,26.14049,0,0,1,,
,26.14157,0,0,1,,
,26.14246,0,0,1,,
,26.14334,0,0,1,,
,26.14423,0,0,1,,
,26.14516,0,0,1,,
,26.14605,0,0,1,,
,26.147,0,0,1,,
,26.14799,0,0,1,,
,26.14887,0,0,1,,
,26.14973,0,0,1,,
,26.15059,0,0,1,,
,26.15146,0,0,1,,
,26.15231,0,0,1,,
,26.15317,0,0,1,,
,26.15402,0,0,1,,
,26.15488,0,0,1,,
,26.15573,0,0,1,,
,26.15659,0,0,1,,
,26.15744,0,0,1,,
,26.15844,0,0,1,,
,26.15932,0,0,1,,
,26.16019,0,0,1,,
,26.16129,0,0,1,,
,26.16215,0,0,1,,
,26.163,0,0,1,,
,26.16386,0,0,1,,
,26.16472,0,0,1,,
,26.16557,0,0,1,,
,26.16643,0,0,1,,
,26.16728,0,0,1,,
,26.16813,0,0,1,,
,26.16898,0,0,1,,
,26.16985,0,0,1,,
,26.1707,0,0,1,,
,26.17155,0,0,1,,
,26.1724,0,0,1,,
,26.17326,0,0,1,,
,26.17413,0,0,1,,
,26.175,0,0,1,,
,26.1759,0,0,1,,
,26.17677,0,0,1,,
,26.17764,0,0,1,,
,26.1785,0,0,1,,
,26.17937,0,0,1,,
,26.18028,0,0,1,,
,26.18143,0,0,1,,
,26.18229,0,0,1,,
,26.18315,0,0,1,,
,26.184,0,0,1,,
,26.18485,0,0,1,,
,26.1857,0,0,1,,
,26.18661,0,0,1,,
,26.18747,0,0,1,,
,26.18835,0,0,1,,
,26.18925,0,0,1,,
,26.19014,0,0,1,,
,26.19103,0,0,1,,
,26.1919,0,0,1,,
,26.19276,0,0,1,,
,26.19363,0,0,1,,
,26.19455,0,0,1,,
,26.19558,0,0,1,,
,26.19643,0,0,1,,
,26.20057,0,0,1,,
,26.20173,0,0,1,,
,26.20266,0,0,1,,
,26.20354,0,0,1,,
,26.20443,0,0,1,,
,26.2053,0,0,1,,
,26.20624,0,0,1,,
,26.20718,0,0,1,,
,26.20806,0,0,1,,
,26.20892,0,0,1,,
,26.20978,0,0,1,,
,26.21062,0,0,1,,
,26.21148,0,0,1,,
,26.21234,0,0,1,,
,26.2132,0,0,1,,
,26.21405,0,0,1,,
,26.2149,0,0,1,,
,26.21577,0,0,1,,
,26.21662,0,0,1,,
,26.21747,0,0,1,,
,26.21832,0,0,1,,
,26.21918,0,0,1,,
,26.22003,0,0,1,,
,26.2211,0,0,1,,
,26.22196,0,0,1,,
,26.22285,0,0,1,,
,26.22375,0,0,1,,
,26.22463,0,0,1,,
,26.2255,0,0,1,,
,26.22637,0,0,1,,
,26.22723,0,0,1,,
,26.2281,0,0,1,,
,26.22896,0,0,1,,
,26.22984,0,0,1,,
,26.23069,0,0,1,,
,26.23157,0,0,1,,
,26.23243,0,0,1,,
,26.2333,0,0,1,,
,26.23417,0,0,1,,
,26.23503,0,0,1,,
,26.2359,0,0,1,,
,26.23676,0,0,1,,
,26.23762,0,0,1,,
,26.2385,0,0,1,,
,26.23936,0,0,1,,
,26.24023,0,0,1,,
,26.24131,0,0,1,,
,26.24218,0,0,1,,
,26.24304,0,0,1,,
,26.24391,0,0,1,,
,26.24477,0,0,1,,
,26.24564,0,0,1,,
,26.2465,0,0,1,,
,26.24744,0,0,1,,
,26.24831,0,0,1,,
,26.24917,0,0,1,,
,26.25003,0,0,1,,
,26.25089,0,0,1,,
,26.25175,0,0,1,,
,26.25262,0,0,1,,
,26.25348,0,0,1,,
,26.25442,0,0,1,,
,26.25534,0,0,1,,
,26.2562,0,0,1,,
,26.25706,0,0,1,,
,26.25792,0,0,1,,
,26.25877,0,0,1,,
,26.25962,0,0,1,,
,26.26048,0,0,1,,
,26.26154,0,0,1,,
,26.26239,0,0,1,,
,26.26324,0,0,1,,
,26.26409,0,0,1,,
,26.26496,0,0,1,,
,26.2658,0,0,1,,
,26.26666,0,0,1,,
,26.26752,0,0,1,,
,26.26837,0,0,1,,
,26.26922,0,0,1,,
,26.27008,0,0,1,,
,26.27093,0,0,1,,
,26.27178,0,0,1,,
,26.27263,0,0,1,,
,26.27348,0,0,1,,
,26.27434,0,0,1,,
,26.27527,0,0,1,,
,26.27629,0,0,1,,
,26.27726,0,0,1,,
,26.27818,0,0,1,,
,26.27903,0,0,1,,
,26.27987,0,0,1,,
,26.28072,0,0,1,,
,26.28179,0,0,1,,
,26.28264,0,0,1,,
,26.28351,0,0,1,,
,26.28437,0,0,1,,
,26.28522,0,0,1,,
,26.2861,0,0,1,,
,26.28696,0,0,1,,
,26.28782,0,0,1,,
,26.28867,0,0,1,,
,26.28952,0,0,1,,
,26.29038,0,0,1,,
,26.29123,0,0,1,,
,26.29207,0,0,1,,
,26.29293,0,0,1,,
,26.29379,0,0,1,,
,26.29468,0,0,1,,
,26.29553,0,0,1,,
,26.29639,0,0,1,,
,26.29724,0,0,1,,
,26.2981,0,0,1,,
,26.29895,0,0,1,,
,26.2998,0,0,1,,
,26.30066,0,0,1,,
,26.30172,0,0,1,,
,26.30271,0,0,1,,
,26.30356,0,0,1,,
,26.30442,0,0,1,,
,26.30532,0,0,1,,
,26.30619,0,0,1,,
,26.30705,0,0,1,,
,26.30791,0,0,1,,
,26.30877,0,0,1,,
,26.30962,0,0,1,,
,26.31048,0,0,1,,
,26.31133,0,0,1,,
,26.31218,0,0,1,,
,26.31304,0,0,1,,
,26.31389,0,0,1,,
,26.31474,0,0,1,,
,26.3156,0,0,1,,
,26.31645,0,0,1,,
,26.31731,0,0,1,,
,26.3182,0,0,1,,
,26.31918,0,0,1,,
,26.32007,0,0,1,,
,26.32116,0,0,1,,
,26.32203,0,0,1,,
,26.32292,0,0,1,,
,26.32382,0,0,1,,
,26.32469,0,0,1,,
,26.32556,0,0,1,,
,26.32642,0,0,1,,
,26.32732,0,0,1,,
,26.3282,0,0,1,,
,26.32907,0,0,1,,
,26.32993,0,0,1,,
,26.33079,0,0,1,,
,26.33165,0,0,1,,
,26.33253,0,0,1,,
,26.33338,0,0,1,,
,26.33426,0,0,1,,
,26.33512,0,0,1,,
,26.33598,0,0,1,,
,26.33682,0,0,1,,
,26.33769,0,0,1,,
,26.33856,0,0,1,,
,26.33942,0,0,1,,
,26.34027,0,0,1,,
,26.34137,0,0,1,,
,26.34224,0,0,1,,
,26.34311,0,0,1,,
,26.34397,0,0,1,,
,26.34483,0,0,1,,
,26.34569,0,0,1,,
,26.34656,0,0,1,,
,26.34742,0,0,1,,
,26.34829,0,0,1,,
,26.34917,0,0,1,,
,26.35003,0,0,1,,
,26.35091,0,0,1,,
,26.35176,0,0,1,,
,26.35263,0,0,1,,
,26.35357,0,0,1,,
,26.35449,0,0,1,,
,26.3554,0,0,1,,
,26.35627,0,0,1,,
,26.35714,0,0,1,,
,26.358,0,0,1,,
,26.35887,0,0,1,,
,26.35973,0,0,1,,
,26.3606,0,0,1,,
,26.36169,0,0,1,,
,26.36262,0,0,1,,
,26.36353,0,0,1,,
,26.3644,0,0,1,,
,26.36526,0,0,1,,
,26.36612,0,0,1,,
,26.36702,0,0,1,,
,26.36788,0,0,1,,
,26.36875,0,0,1,,
,26.36961,0,0,1,,
,26.37048,0,0,1,,
,26.37133,0,0,1,,
,26.37219,0,0,1,,
,26.37304,0,0,1,,
,26.3739,0,0,1,,
,26.37476,0,0,1,,
,26.37562,0,0,1,,
,26.37652,0,0,1,,
,26.37738,0,0,1,,
,26.37823,0,0,1,,
,26.37909,0,0,1,,
,26.37995,0,0,1,,
,26.38081,0,0,1,,
,26.38191,0,0,1,,
,26.38281,0,0,1,,
,26.38367,0,0,1,,
,26.38454,0,0,1,,
,26.38544,0,0,1,,
,26.38635,0,0,1,,
,26.38724,0,0,1,,
,26.38812,0,0,1,,
,26.38899,0,0,1,,
,26.38987,0,0,1,,
,26.39075,0,0,1,,
,26.39162,0,0,1,,
,26.39248,0,0,1,,
,26.39338,0,0,1,,
,26.39426,0,0,1,,
,26.39514,0,0,1,,
,26.39602,0,0,1,,
,26.39687,0,0,1,,
,26.39775,0,0,1,,
,26.39865,0,0,1,,
,26.39957,0,0,1,,
,26.40046,0,0,1,,
,26.40501,0,0,1,,
,26.40592,0,0,1,,
,26.40681,0,0,1,,
,26.40767,0,0,1,,
,26.40853,0,0,1,,
,26.40939,0,0,1,,
,26.41025,0,0,1,,
,26.41114,0,0,1,,
,26.41213,0,0,1,,
,26.41314,0,0,1,,
,26.41413,0,0,1,,
,26.41509,0,0,1,,
,26.41598,0,0,1,,
,26.41689,0,0,1,,
,26.4178,0,0,1,,
,26.41867,0,0,1,,
,26.41954,0,0,1,,
,26.42041,0,0,1,,
,26.42151,0,0,1,,
,26.42238,0,0,1,,
,26.42323,0,0,1,,
,26.42409,0,0,1,,
,26.425,0,0,1,,
,26.4259,0,0,1,,
,26.4268,0,0,1,,
,26.42766,0,0,1,,
,26.42853,0,0,1,,
,26.42954,0,0,1,,
,26.4305,0,0,1,,
,26.43139,0,0,1,,
,26.43228,0,0,1,,
,26.43317,0,0,1,,
,26.43406,0,0,1,,
,26.43493,0,0,1,,
,26.43589,0,0,1,,
,26.43692,0,0,1,,
,26.4378,0,0,1,,
,26.43867,0,0,1,,
,26.43954,0,0,1,,
,26.44042,0,0,1,,
,26.44152,0,0,1,,
,26.4424,0,0,1,,
,26.44328,0,0,1,,
,26.4442,0,0,1,,
,26.44511,0,0,1,,
,26.446,0,0,1,,
,26.44689,0,0,1,,
,26.44778,0,0,1,,
,26.44865,0,0,1,,
,26.44951,0,0,1,,
,26.45038,0,0,1,,
,26.45124,0,0,1,,
,26.45212,0,0,1,,
,26.45298,0,0,1,,
,26.45384,0,0,1,,
,26.45469,0,0,1,,
,26.45555,0,0,1,,
,26.45641,0,0,1,,
,26.45727,0,0,1,,
,26.45813,0,0,1,,
,26.45899,0,0,1,,
,26.45985,0,0,1,,
,26.46071,0,0,1,,
,26.46189,0,0,1,,
,26.46281,0,0,1,,
,26.4637,0,0,1,,
,26.46457,0,0,1,,
,26.46544,0,0,1,,
,26.46636,0,0,1,,
,26.46727,0,0,1,,
,26.46812,0,0,1,,
,26.46898,0,0,1,,
,26.46984,0,0,1,,
,26.4707,0,0,1,,
,26.47155,0,0,1,,
,26.47243,0,0,1,,
,26.47333,0,0,1,,
,26.47421,0,0,1,,
,26.47512,0,0,1,,
,26.47605,0,0,1,,
,26.4769,0,0,1,,
,26.47777,0,0,1,,
,26.47869,0,0,1,,
,26.47977,0,0,1,,
,26.48066,0,0,1,,
,26.48176,0,0,1,,
,26.48264,0,0,1,,
,26.48353,0,0,1,,
,26.48448,0,0,1,,
,26.48535,0,0,1,,
,26.48622,0,0,1,,
,26.48709,0,0,1,,
,26.48796,0,0,1,,
,26.48887,0,0,1,,
,26.48986,0,0,1,,
,26.49071,0,0,1,,
,26.49156,0,0,1,,
,26.49241,0,0,1,,
,26.49327,0,0,1,,
,26.49414,0,0,1,,
,26.49501,0,0,1,,
,26.49586,0,0,1,,
,26.49672,0,0,1,,
,26.49758,0,0,1,,
,26.49844,0,0,1,,
,26.49929,0,0,1,,
,26.50015,0,0,1,,
,26.50123,0,0,1,,
,26.50208,0,0,1,,
,26.50294,0,0,1,,
,26.50379,0,0,1,,
,26.50464,0,0,1,,
,26.5055,0,0,1,,
,26.50635,0,0,1,,
,26.5072,0,0,1,,
,26.50805,0,0,1,,
,26.5089,0,0,1,,
,26.50976,0,0,1,,
,26.51062,0,0,1,,
,26.51147,0,0,1,,
,26.51232,0,0,1,,
,26.51316,0,0,1,,
,26.51407,0,0,1,,
,26.51505,0,0,1,,
,26.51593,0,0,1,,
,26.51681,0,0,1,,
,26.51767,0,0,1,,
,26.51852,0,0,1,,
,26.51939,0,0,1,,
,26.52025,0,0,1,,
,26.52133,0,0,1,,
,26.52226,0,0,1,,
,26.52313,0,0,1,,
,26.52399,0,0,1,,
,26.52486,0,0,1,,
,26.52573,0,0,1,,
,26.52659,0,0,1,,
,26.52745,0,0,1,,
,26.52831,0,0,1,,
,26.52916,0,0,1,,
,26.53002,0,0,1,,
,26.53087,0,0,1,,
,26.53173,0,0,1,,
,26.53257,0,0,1,,
,26.53342,0,0,1,,
,26.53429,0,0,1,,
,26.53515,0,0,1,,
,26.53601,0,0,1,,
,26.53687,0,0,1,,
,26.53772,0,0,1,,
,26.53858,0,0,1,,
,26.53944,0,0,1,,
,26.5403,0,0,1,,
,26.54143,0,0,1,,
,26.54229,0,0,1,,
,26.54321,0,0,1,,
,26.54415,0,0,1,,
,26.54506,0,0,1,,
,26.54602,0,0,1,,
,26.54688,0,0,1,,
,26.54773,0,0,1,,
,26.54858,0,0,1,,
,26.54945,0,0,1,,
,26.55031,0,0,1,,
,26.55116,0,0,1,,
,26.55201,0,0,1,,
,26.55285,0,0,1,,
,26.5537,0,0,1,,
,26.55455,0,0,1,,
,26.55541,0,0,1,,
,26.55627,0,0,1,,
,26.55719,0,0,1,,
,26.55817,0,0,1,,
,26.55905,0,0,1,,
,26.55993,0,0,1,,
,26.56079,0,0,1,,
,26.56187,0,0,1,,
,26.56273,0,0,1,,
,26.5636,0,0,1,,
,26.56445,0,0,1,,
,26.5653,0,0,1,,
,26.56615,0,0,1,,
,26.56699,0,0,1,,
,26.56785,0,0,1,,
,26.5687,0,0,1,,
,26.5696,0,0,1,,
,26.57052,0,0,1,,
,26.57154,0,0,1,,
,26.57243,0,0,1,,
,26.57328,0,0,1,,
,26.57414,0,0,1,,
,26.575,0,0,1,,
,26.57585,0,0,1,,
,26.57671,0,0,1,,
,26.57763,0,0,1,,
,26.57848,0,0,1,,
,26.57932,0,0,1,,
,26.58017,0,0,1,,
,26.58124,0,0,1,,
,26.58215,0,0,1,,
,26.58683,0,0,1,,
,26.58825,0,0,1,,
,26.58928,0,0,1,,
,26.59016,0,0,1,,
,26.59101,0,0,1,,
,26.59186,0,0,1,,
,26.59272,0,0,1,,
,26.59358,0,0,1,,
,26.59443,0,0,1,,
,26.59527,0,0,1,,
,26.59612,0,0,1,,
,26.59696,0,0,1,,
,26.59781,0,0,1,,
,26.59865,0,0,1,,
,26.5995,0,0,1,,
,26.60035,0,0,1,,
,26.60141,0,0,1,,
,26.60226,0,0,1,,
,26.6031,0,0,1,,
,26.60401,0,0,1,,
,26.605,0,0,1,,
,26.60589,0,0,1,,
,26.60676,0,0,1,,
,26.60762,0,0,1,,
,26.60847,0,0,1,,
,26.60933,0,0,1,,
,26.61018,0,0,1,,
,26.61451,0,0,1,,
,26.6154,0,0,1,,
,26.61627,0,0,1,,
,26.61712,0,0,1,,
,26.61797,0,0,1,,
,26.61882,0,0,1,,
,26.61967,0,0,1,,
,26.62054,0,0,1,,
,26.62163,0,0,1,,
,26.62247,0,0,1,,
,26.62333,0,0,1,,
,26.62417,0,0,1,,
,26.62502,0,0,1,,
,26.62586,0,0,1,,
,26.6267,0,0,1,,
,26.62755,0,0,1,,
,26.6284,0,0,1,,
,26.62925,0,0,1,,
,26.63009,0,0,1,,
,26.63093,0,0,1,,
,26.63178,0,0,1,,
,26.63263,0,0,1,,
,26.63346,0,0,1,,
,26.63437,0,0,1,,
,26.63531,0,0,1,,
,26.63617,0,0,1,,
,26.63704,0,0,1,,
,26.6379,0,0,1,,
,26.63875,0,0,1,,
,26.63961,0,0,1,,
,26.64047,0,0,1,,
,26.64153,0,0,1,,
,26.64243,0,0,1,,
,26.64345,0,0,1,,
,26.64432,0,0,1,,
,26.64516,0,0,1,,
,26.64601,0,0,1,,
,26.64685,0,0,1,,
,26.64769,0,0,1,,
,26.64853,0,0,1,,
,26.64939,0,0,1,,
,26.65023,0,0,1,,
,26.65106,0,0,1,,
,26.6519,0,0,1,,
,26.65282,0,0,1,,
,26.65368,0,0,1,,
,26.65452,0,0,1,,
,26.65537,0,0,1,,
,26.65623,0,0,1,,
,26.65707,0,0,1,,
,26.65792,0,0,1,,
,26.65876,0,0,1,,
,26.6596,0,0,1,,
,26.66044,0,0,1,,
,26.66149,0,0,1,,
,26.66234,0,0,1,,
,26.66318,0,0,1,,
,26.66408,0,0,1,,
,26.66492,0,0,1,,
,26.66577,0,0,1,,
,26.66662,0,0,1,,
,26.66747,0,0,1,,
,26.66833,0,0,1,,
,26.66919,0,0,1,,
,26.67006,0,0,1,,
,26.67092,0,0,1,,
,26.67177,0,0,1,,
,26.67261,0,0,1,,
,26.67346,0,0,1,,
,26.6743,0,0,1,,
,26.67515,0,0,1,,
,26.67599,0,0,1,,
,26.67684,0,0,1,,
,26.67768,0,0,1,,
,26.67852,0,0,1,,
,26.67941,0,0,1,,
,26.68029,0,0,1,,
,26.68133,0,0,1,,
,26.68218,0,0,1,,
,26.68303,0,0,1,,
,26.68387,0,0,1,,
,26.68474,0,0,1,,
,26.68559,0,0,1,,
,26.68644,0,0,1,,
,26.6873,0,0,1,,
,26.68816,0,0,1,,
,26.68901,0,0,1,,
,26.68987,0,0,1,,
,26.69073,0,0,1,,
,26.69157,0,0,1,,
,26.69242,0,0,1,,
,26.69326,0,0,1,,
,26.69411,0,0,1,,
,26.69496,0,0,1,,
,26.6958,0,0,1,,
,26.69665,0,0,1,,
,26.6975,0,0,1,,
,26.69834,0,0,1,,
,26.69918,0,0,1,,
,26.70002,0,0,1,,
,26.70108,0,0,1,,
,26.70193,0,0,1,,
,26.70278,0,0,1,,
,26.70362,0,0,1,,
,26.70447,0,0,1,,
,26.70531,0,0,1,,
,26.70615,0,0,1,,
,26.70699,0,0,1,,
,26.70784,0,0,1,,
,26.7087,0,0,1,,
,26.70954,0,0,1,,
,26.71038,0,0,1,,
,26.71122,0,0,1,,
,26.71206,0,0,1,,
,26.71289,0,0,1,,
,26.71373,0,0,1,,
,26.71458,0,0,1,,
,26.71541,0,0,1,,
,26.71625,0,0,1,,
,26.71728,0,0,1,,
,26.71825,0,0,1,,
,26.7191,0,0,1,,
,26.71996,0,0,1,,
,26.72089,0,0,1,,
,26.72197,0,0,1,,
,26.72283,0,0,1,,
,26.72368,0,0,1,,
,26.72453,0,0,1,,
,26.72536,0,0,1,,
,26.7262,0,0,1,,
,26.72705,0,0,1,,
,26.72792,0,0,1,,
,26.72877,0,0,1,,
,26.72962,0,0,1,,
,26.73046,0,0,1,,
,26.73137,0,0,1,,
,26.73233,0,0,1,,
,26.73331,0,0,1,,
,26.7342,0,0,1,,
,26.73504,0,0,1,,
,26.73589,0,0,1,,
,26.73673,0,0,1,,
,26.73759,0,0,1,,
,26.73844,0,0,1,,
,26.73929,0,0,1,,
,26.74014,0,0,1,,
,26.7412,0,0,1,,
,26.74204,0,0,1,,
,26.74289,0,0,1,,
,26.74373,0,0,1,,
